Disaster Group,Disaster Subgroup,Disaster Type,Disaster Subtype,Disaster Subsubtype,Event Name,Country,Location,StartDate,EndDate,Total Deaths,Total Affected,Total Damages ('000 US$),"Total Damages, Adjusted ('000 US$)"
Natural,Climatological,Drought,Drought,,,Hong Kong SAR,,1979-10-01,1979-12-01,,,,
Natural,Climatological,Drought,Drought,,,China,Tibet,1983-01-01,1983-08-01,,,,
Natural,Climatological,Drought,Drought,,,Hong Kong SAR,,1983-10-01,1983-12-01,,,,
Natural,Climatological,Drought,Drought,,,Canada,"Quebec, Prince Edouard Islands, Alberta, Saskatchewan, Manitoba, Ontario provinces",1984-01-01,1985-03-01,,30000.0,1000000.0,2817149.0
Natural,Meteorological,Storm,Convective storm,Tornado,,Canada,Ontario Central,1985-05-01,1985-06-01,12.0,1000.0,117000.0,318320.0
Natural,Climatological,Drought,Drought,,,Indonesia,"Irian Jaya, East Timor",1982-01-01,1982-12-01,280.0,,,
Natural,Meteorological,Storm,,,,Japan,,1983-12-01,1984-01-01,131.0,,,
Natural,Meteorological,Storm,Tropical cyclone,,Typhoon Irma,Japan,Central,1985-06-01,1985-07-01,19.0,30000.0,,
Natural,Meteorological,Storm,Convective storm,Tornado,,USA,"Pennsylvania, Ohio, Missouri, New York",1985-05-01,1985-06-01,104.0,500.0,231600.0,630110.0
Natural,Climatological,Drought,Drought,,,USA,,1988-04-01,1988-06-01,,,,
Natural,Meteorological,Storm,Tropical cyclone,,Aivu,Australia,"South New Gales, Queensland",1989-03-01,1989-04-01,10.0,,94300.0,222619.0
Natural,Climatological,Wildfire,Forest fire,,,Canada,"Entire country, especillay Labrador",1989-01-01,1989-08-01,1.0,25000.0,4200000.0,9915168.0
Natural,Hydrological,Flood,Coastal flood,,,Australia,"Queensland Coast, Rockhampton",1990-12-01,1991-01-01,6.0,,78200.0,175156.0
Natural,Meteorological,Storm,,,Wiebke,Austria,,1990-02-01,1990-03-01,3.0,,120000.0,268782.0
Natural,Hydrological,Flood,Riverine flood,,,China,Hunan province,1990-06-01,1990-07-01,363.0,26130805.0,592000.0,1325990.0
Natural,Hydrological,Flood,Riverine flood,,,China,"Anhui, Jiangsu, Henan, Guizhou, Sichuan, Hunan, Hubei, Gansu , Guangxi provinces",1991-06-01,1991-07-01,1729.0,210232227.0,7500000.0,16116340.0
Natural,Climatological,Drought,Drought,,,Chile,,1991-01-01,1991-05-01,,,200000.0,429769.0
Natural,Climatological,Drought,Drought,,,China,"Jiangxi, Hunan provinces",1991-02-01,1991-08-01,2000.0,5000000.0,,
Natural,Meteorological,Storm,Convective storm,Hail,,China,Guizhou province,1992-03-01,1992-04-01,35.0,3300362.0,68700.0,143286.0
Natural,Hydrological,Flood,Riverine flood,,,China,"Southern and Western Guizhou, Sichuan, Yunnan Provinces",1992-06-01,1992-08-01,88.0,435300.0,3700.0,7717.0
Natural,Meteorological,Storm,Tropical cyclone,,Polly,China,"Zhejiang, Fujian, Shangdong provinces",1992-08-01,1992-09-01,168.0,5000000.0,412400.0,860132.0
Natural,Climatological,Drought,Drought,,,Australia,Queensland,1992-12-01,1995-12-01,,7000000.0,1500000.0,3128511.0
Natural,Hydrological,Flood,Riverine flood,,,China,"Jiangxi, Fujian, Guangdong, Hunan provinces",1992-03-01,1992-04-01,248.0,210070.0,170000.0,354565.0
Natural,Hydrological,Flood,Riverine flood,,,China,"Jaingxi, Zhejiang, Fujian provinces",1992-06-01,1992-07-01,35.0,5000.0,76000.0,158511.0
Natural,Hydrological,Flood,Riverine flood,,,China,"Leshan city, Leshan prefecture. Emeishan city, Mount Emei area (Sichuan province)",1993-07-01,1993-08-01,41.0,7400.0,27000.0,54699.0
Natural,Hydrological,Flood,Riverine flood,,,Indonesia,"Semarang, Temanggung, Batang, Kendal, Pati, Sragen, Grobongan, Cilacap, Demak, Rembang, Banyumas municipalities (Central Java)",1990-01-01,1990-02-01,169.0,21000.0,4800.0,10751.0
Natural,Hydrological,Flood,Riverine flood,,,Japan,Kyushu,1990-06-01,1990-07-01,27.0,588.0,1700000.0,3807742.0
Natural,Climatological,Wildfire,Forest fire,,,Indonesia,"Borneo, Sumatra Isl., Kalimatan, java, Sulawesi",1991-08-01,1991-10-01,57.0,8.0,13200.0,28365.0
Natural,Meteorological,Storm,Convective storm,Severe storm,,Maldives,,1991-05-01,1991-06-01,,23849.0,30000.0,64465.0
Natural,Hydrological,Flood,Riverine flood,,,Hong Kong SAR,"Tsim Sha Tsui (Mount Davis, Happy Valley)",1992-04-01,1992-05-01,5.0,1628.0,50000.0,104284.0
Natural,Climatological,Drought,Drought,,,New Zealand,,1994-01-01,1994-08-01,,,100000.0,208567.0
Natural,Hydrological,Flood,Flash flood,,,USA,"Vicksburg (Warren county, Mississippi)",1990-05-01,1990-06-01,,200.0,,
Natural,Climatological,Drought,Drought,,,USA,California,1991-01-01,1991-07-01,,,1000000.0,2148845.0
Natural,Hydrological,Flood,,,,USA,Texas,1991-12-01,1992-01-01,15.0,,850000.0,1826519.0
Natural,Hydrological,Flood,Flash flood,,,Thailand,"Surat Thani, Nakhorn Si Thammara, Songkla, Pattani provinces",1993-11-01,1993-12-01,23.0,393809.0,1261000.0,2554631.0
Natural,Hydrological,Flood,Riverine flood,,,USA,"Okhlahoma, Minnesota, Wisconsin, Iowa, Illinois, Missouri, South Dakota, North Dakota, Nebraska and Kansas",1993-06-01,1993-08-01,48.0,31000.0,12000000.0,24310527.0
Natural,Climatological,Wildfire,Forest fire,,,USA,"San Diego, Laguna Beach, Malibu, Los Angeles, Orange (California)",1993-10-01,1993-11-01,3.0,130.0,1000000.0,2025877.0
Natural,Hydrological,Flood,Riverine flood,,,China,"Heilongjiang, Jilin, Liaoning, Inner Mongolia",1994-07-01,1994-08-01,128.0,2000000.0,1000.0,1974.0
Natural,Climatological,Drought,Drought,,,China,"Xuwen, Leizhou, Yangjiang, Maoming, Suixi, Hanwei, Chaozhou, Meizhou, Jieyang (Guangdong province)",1994-01-01,1994-12-01,,82000000.0,13755200.0,27158211.0
Natural,Hydrological,Flood,Riverine flood,,,China,"Hunan, Jiangxi, Guizhou, Hubei, Sichuan, Zhejiang, Fujian, Anhui, Guangdong, Guangxi, Jiangsu provinces",1995-05-01,1995-08-01,1437.0,114470249.0,6720000.0,12905878.0
Natural,Climatological,Drought,Drought,,,China,Nord-East provinces,1995-01-01,1995-08-01,,9060000.0,12800.0,24583.0
Natural,Meteorological,Storm,Tropical cyclone,,Willie,China,"Guangdong, Hainan Isl.",1996-09-01,1996-10-01,38.0,,100000.0,186583.0
Natural,Hydrological,Flood,Riverine flood,,,China,"Anhui, Guizhou, Hebei, Henen, Hubei, Hunan, Zhejiang, Jiangxi, Henen, Shangdong, Shanxi, Fujian, Xinjiang, Guangxi, Yangtze, Shanghai provinces",1996-06-01,1996-07-01,2775.0,154634000.0,12600000.0,23509410.0
Natural,Meteorological,Storm,Tropical cyclone,,Herb,China,"Fujian, Hunan, Jiangsu",1996-07-01,1996-08-01,44.0,10300.0,72000.0,134339.0
Natural,Hydrological,Flood,Riverine flood,,,China,"Guizhou, Guangdong, Cuangxi, Jiangxi, Zheijiang, Jiangsu, Anhui",1997-06-01,1997-08-01,420.0,,1251200.0,2281195.0
Natural,Hydrological,Flood,Riverine flood,,,Canada,Manitoba Province,1997-04-01,1997-05-01,4.0,29000.0,120000.0,218785.0
Natural,Climatological,Drought,Drought,,,China,Shandong,1997-05-01,1997-08-01,,,169100.0,308304.0
Natural,Hydrological,Flood,Riverine flood,,,China,"Hubei, Hunan, Sichuan, Jiangxi, Fujian, Guanxi Provinces",1998-07-01,1998-08-01,3656.0,238973000.0,30000000.0,53860097.0
Natural,Hydrological,Flood,Coastal flood,,,Australia,Towsville Area,1998-01-01,1998-02-01,2.0,200.0,61300.0,110054.0
Natural,Hydrological,Flood,Riverine flood,,,Australia,Narrabri,1998-07-01,1998-09-01,14.0,200.0,100000.0,179534.0
Natural,Hydrological,Flood,Riverine flood,,,Australia,Wollongong (New South Wales),1998-07-01,1998-09-01,1.0,6300.0,122700.0,220288.0
Natural,Geophysical,Volcanic activity,Ash fall,,Mt. Merapi,Indonesia,Java Isl.,1994-11-01,1994-12-01,58.0,2722.0,,
Natural,Hydrological,Flood,Riverine flood,,,Indonesia,North Aceh Provinces,1995-12-01,1996-01-01,18.0,201472.0,50000.0,96026.0
Natural,Meteorological,Storm,Tropical cyclone,,Opal,Mexico,"Campeche, Tabasco, Quintana Roo, Yucatan, Chiapas states",1995-09-01,1995-10-01,19.0,3000.0,124700.0,239489.0
Natural,Hydrological,Flood,Riverine flood,,,Cambodia,"Kratie, Phnom Penh, Tatanakiri, Stung Treng, Kampong Cham, Kandal, Prey Veng provinces",1996-09-01,1996-11-01,59.0,1300000.0,1500.0,2799.0
Natural,Climatological,Drought,Drought,,,Indonesia,Irian Jaya Province,1997-09-01,1997-11-01,672.0,1065000.0,88000.0,160442.0
Natural,Biological,Epidemic,Viral disease,,Dengue haemorrhagic fever,Cambodia,Phnom Penh,1997-01-01,1998-01-01,3.0,227.0,,
Natural,Climatological,Wildfire,Forest fire,,,Mexico,"Chipias, Oaxaca, Chimalapas, Puebla, Veracruz",1998-04-01,1998-06-01,50.0,,8000.0,14363.0
Natural,Meteorological,Storm,,,Yanni,Korea (ROK),North Kyongsang Province,1998-09-01,1998-10-01,55.0,2379.0,25900.0,46499.0
Natural,Climatological,Wildfire,Forest fire,,,Indonesia,Kalimatan Province (Borneo Isl.),1998-03-01,1998-04-01,3.0,2000.0,1300000.0,2333938.0
Natural,Hydrological,Flood,Flash flood,,,Korea (ROK),"Kongsang, Cholla, Chiri, Kyonggi Province",1998-07-01,1998-08-01,403.0,121000.0,1480000.0,2657098.0
Natural,Meteorological,Storm,Tropical cyclone,,Mitch,Mexico,,1998-10-01,1998-11-01,9.0,,1000.0,1795.0
Natural,Hydrological,Flood,Riverine flood,,,New Zealand,North Is. and N. South Island,1998-06-01,1998-07-01,,200.0,75000.0,134650.0
Natural,Meteorological,Storm,Tropical cyclone,,Amy,Thailand,"Lampang, Nan, Kanchanaburi, Phrae, Chinag Rai, Mae Hong Son, Tak, Phayao, Chiang Mai",1994-07-01,1994-08-01,9.0,10000.0,8000.0,15795.0
Natural,Meteorological,Storm,Tropical cyclone,,Harry,Thailand,"Chiang Rai, Chiang Mai, Phayao, Phitsanulok, Khanchanburi",1994-08-01,1994-09-01,10.0,,12000.0,23693.0
Natural,Meteorological,Storm,Tropical cyclone,,Erin,USA,"Florida, Alabama, Mississipi",1995-07-01,1995-08-01,11.0,6000.0,700000.0,1344362.0
Natural,Hydrological,Flood,Riverine flood,,,Thailand,"Phayao, Pichit, Pitsanuloke, Nakhon Sawan",1995-08-01,1995-11-01,231.0,4280984.0,140500.0,269833.0
Natural,Hydrological,Flood,Riverine flood,,,USA,"Wsahington, Oregon",1995-11-01,1995-12-01,2.0,15000.0,100000.0,192052.0
Natural,Hydrological,Flood,Riverine flood,,,USA,Alaska,1995-09-01,1995-10-01,,300.0,10000.0,19205.0
Natural,Hydrological,Flood,Riverine flood,,,USA,"Mississippi, Missouri, Illinois, Kansas, Nebarska, Oklahoma",1995-05-01,1995-06-01,3.0,5000.0,10000.0,19205.0
Natural,Hydrological,Flood,Riverine flood,,,USA,"Washington, Oregon, Nevada, Idaho",1996-12-01,1997-01-01,28.0,18100.0,1500000.0,2798739.0
Natural,Meteorological,Storm,Tropical cyclone,,Gloria and Frankie,Thailand,"Chumphon, Chiang Rai, Nan, Nong Khai, Udon Thani, Rayong, Ranong",1996-07-01,1996-08-01,9.0,343386.0,150000.0,279874.0
Natural,Hydrological,Flood,Riverine flood,,,Thailand,,1996-06-01,1996-10-01,91.0,5000000.0,500.0,933.0
Natural,Meteorological,Storm,Tropical cyclone,,Herb,Chinese Taipei,,1996-07-01,1996-08-01,45.0,,1100000.0,2052409.0
Natural,Hydrological,Flood,,,,USA,"Grand Forks, Fargo ",1997-04-01,1997-05-01,3.0,50400.0,5000000.0,9116027.0
Natural,Hydrological,Flood,Riverine flood,,,USA,"Nevada, Idaho, California",1997-01-01,1997-02-01,20.0,125000.0,1500000.0,2734808.0
Natural,Meteorological,Storm,Tropical cyclone,,Zita,Thailand,Surat Thani Province,1997-08-01,1997-09-01,46.0,50394.0,39500.0,72017.0
Natural,Meteorological,Storm,Convective storm,Tornado,,USA,"Arkansas, Ohio, Kentucky, Texas, Mississippi, Tennessee,West Virginia",1997-02-01,1997-03-01,70.0,3650.0,500000.0,911603.0
Natural,Hydrological,Flood,Riverine flood,,,USA,Fort Collins (Northern Colorado),1997-07-01,1997-08-01,5.0,424.0,100000.0,182321.0
Natural,Meteorological,Storm,Convective storm,Hail,,USA,"Illinois, Indiana, Wisconsin, Minissotta",1998-03-01,1998-04-01,1.0,138.0,,
Natural,Meteorological,Storm,Convective storm,Hail,,USA,"IA, SD, Minnessota, MI, WI, PA, New York, MA, NH, VT, Ohio, New Jersey",1998-05-01,1998-06-01,18.0,750.0,1000000.0,1795337.0
Natural,Hydrological,Flood,Flash flood,,,USA,"Hansas, IA, MO, Illinois, WI, Mississippi, Indiana, PA, New York, New Jersey, CT, RI, MA, Ohio, West virginia, Minnesota, Idaho, Vermont, ",1998-06-01,1998-07-01,11.0,14000.0,469000.0,842013.0
Natural,Biological,Epidemic,Viral disease,,Encaphalitis,Chinese Taipei,,1998-04-01,1998-07-01,54.0,250000.0,,
Natural,Climatological,Wildfire,"Land fire (Brush, Bush, Pasture)",,,USA,Florida,1998-05-01,1998-07-01,1.0,40124.0,276000.0,495513.0
Natural,Meteorological,Storm,,,,USA,"Kansas, Oklahoma",1998-10-01,1998-11-01,1.0,1000.0,2000.0,3591.0
Natural,Hydrological,Flood,Riverine flood,,,China,"Heilongjiang, Inner Mongolia, Liaoning",1998-08-01,1998-09-01,89.0,2160000.0,964000.0,1730704.0
Natural,Hydrological,Flood,Riverine flood,,,Austria,,1999-05-01,1999-06-01,3.0,,32000.0,56221.0
Natural,Hydrological,Flood,Riverine flood,,,China,"Anhui, Zhejiang, Jiangxi, Jiangsu, Hubei, Hunan, Guizhou, Sichuang, Chingquing (municipality) ",1999-06-01,1999-08-01,725.0,101024000.0,8100000.0,14230852.0
Natural,Meteorological,Storm,Tropical cyclone,,Steve,Australia,"Cairns, Tablelands districts (Queensland province), New South Wales province",2000-02-01,2000-03-01,1.0,200.0,90000.0,152955.0
Natural,Hydrological,Flood,Riverine flood,,,Australia,"Bingara, Yallaroi villages (Gwydir district, New South Wales province), Coonebarabran village (Warrumbungle Shire district, New South Wales province), Berrigan, Corowa Shire, Deniliquin, Murray districts (New South Wales province)",2000-11-01,2000-12-01,,600.0,265000.0,450369.0
Natural,Hydrological,Flood,Flash flood,,,China,"Awu, Jingmu, Hadapu villages (Dangchang Xian area, Longnan district, Gansu Sheng province), Gulin Xian, Xuyong Xian areas (Luzhou district, Sichuan Sheng Province), Duyun Shi area (Qiannan Buyei and Miao district, Guizhou Sheng province)",2000-05-01,2000-06-01,34.0,154183.0,22000.0,37389.0
Natural,Meteorological,Storm,Convective storm,Winter storm/Blizzard,,China,"Xilin Gol, Xing'an, Hulunbuir, Ulaan Chab, Chifeng, Tongliao districts (Nei Mongol Zizhiqu province)",2001-01-01,2001-02-01,49.0,2574871.0,12000.0,19834.0
Natural,Hydrological,Flood,Coastal flood,,,Mexico,"Veracruz, Tabasco, Hidalgo, Michoacan, Jalisco, Oaxaca, Chiapas and Puebla ",1999-09-01,1999-10-01,636.0,616060.0,451300.0,792887.0
Natural,Hydrological,Flood,Coastal flood,,,Cambodia,"Takeo, Kandal, Kampong Speu, Phnom Penh Municipality, Pursat",1999-10-01,1999-11-01,,124475.0,,
Natural,Biological,Epidemic,Bacterial disease,,Cholera,Cambodia,Rottanakiri Province (north eastern),1999-04-01,1999-05-01,56.0,874.0,,
Natural,Hydrological,Flood,Flash flood,,,Korea (ROK),"Hwachon, Paju, Seoul and Yonchon (Kyonggi-do and Kangwon-do provinces)",1999-07-01,1999-08-01,64.0,30208.0,332000.0,583289.0
Natural,Hydrological,Flood,Riverine flood,,,Indonesia,"Aceh Besar, Aceh Utara districts (Nangroe Aceh Darussalam province), Pesisir Selatan, Tanahdatar, Solok districts (Sumatera Barat province) Dairi, Deli Serdang districts (Sumatera Utara province), Riau, Jambi provinces",2000-11-01,2000-12-01,100.0,386021.0,34000.0,57783.0
Natural,Hydrological,Landslide,Mudslide,,,Indonesia,"Cilacap, Banyumas districts (Jawa Tengah province)",2000-10-01,2000-11-01,40.0,56210.0,43000.0,73079.0
Natural,Geophysical,Volcanic activity,Ash fall,,Mt. Isu,Japan,"Abutatyoo, Datesi, Soobetutyoo districts (Hokkaidoo province)",2000-03-01,2000-04-01,,12400.0,,
Natural,Hydrological,Flood,Riverine flood,,,Cambodia,"Stung Treng, Kratie, Koh Kong, Kampong Cham, Pursat, Kampong Thom, Takeo, Siem Reap, Otdar Meanchey, Kampot, Svay Rieng, Kandal, Phnom Penh, Prey Veng, Kampong Chhnang, Ratanak Kiri, Preah Vihear, Battambang, Banteay Meanchey, Kampong Speu provinces",2000-07-01,2000-08-01,347.0,3448053.0,160000.0,271921.0
Natural,Biological,Epidemic,Viral disease,,,Korea (ROK),Kyungbuk province,2000-03-01,2001-01-01,6.0,39531.0,,
Natural,Meteorological,Storm,Tropical cyclone,,Keith,Mexico,"Puebla, Campeche, Quintana Roo, Yucatan, Veracruz, Chiapas, Oaxaca, Tabasco, Tamaulipas provinces",2000-09-01,2000-10-01,23.0,30000.0,1000.0,1700.0
Natural,Hydrological,Flood,Coastal flood,,,Thailand,"Prachuap Khiri Khan, Phetchaburi, Ratchaburi, Kanchanaburi, Lop Buri, Phitsanulok, Phichit, Nakhon Sawan, Satun, Phuket",1999-10-01,1999-11-01,10.0,170000.0,,
Natural,Hydrological,Flood,Flash flood,,,Thailand,"Chantaburi, Trad, and Ubol Ratchathani Provinces",1999-07-01,1999-08-01,7.0,90700.0,13000.0,22840.0
Natural,Meteorological,Storm,Tropical cyclone,,Dennis,USA,"Bahamas, North Carolina, Virginia",1999-08-01,1999-09-01,3.0,,62500.0,109806.0
Natural,Climatological,Wildfire,Forest fire,,,USA,"Los Alamos, Rio Arriba, Sandoval, Santa Fe districts (New Mexico province)",2000-05-01,2000-09-01,,25400.0,1500000.0,2549258.0
Natural,Climatological,Wildfire,Forest fire,,,USA,"Arizona, California, Colorado, Idaho, Montana, Nevada, New Mexico, Oregon, South Dakota, Texas, Utah, Washington, Wyoming, Florida, North Dakota provinces",2000-07-01,2000-08-01,14.0,1000.0,1000000.0,1699505.0
Natural,Climatological,Wildfire,"Land fire (Brush, Bush, Pasture)",,,Australia,"Sydney (Ashfield (A), Auburn (C), Bankstown (C), Botany Bay (C), Burwood (A), Canada Bay (A), Canterbury (C), Holroyd (C), Hunters Hill (A), Hurstville (C), Kogarah (C), Ku-ring-gai (A), Lane Cove (A), Leichhardt (A), Manly (A), Marrickville (A), Mosman (A), North Sydney (A), Parramatta (C), Pittwater (A), Randwick (C), Rockdale (C), Ryde (C), Strathfield (A), Sutherland Shire (A), Sydney (C), Warringah (A), Waverley (A), Willoughby (C), Woollahra (A) districts, New South Wales province), Canberra (Unincorporated ACT district, Australian Capital Territory province)",2001-12-01,2002-01-01,,4400.0,90000.0,148752.0
Natural,Hydrological,Flood,Riverine flood,,,Chile,"Metropolitana, Atacama, Coquimbo, Valparaiso, Libertador Gral. Bernardo O'higgins, Maule, Bio Bio, Araucania provinces",2002-05-01,2002-06-01,14.0,221842.0,200000.0,325398.0
Natural,Climatological,Drought,Drought,,,Australia,"Queensland, New South Wales provinces",2002-04-01,2002-11-01,,,2000000.0,3253980.0
Natural,Climatological,Wildfire,"Land fire (Brush, Bush, Pasture)",,,Australia,"Sydney (Ashfield (A), Auburn (C), Bankstown (C), Botany Bay (C), Burwood (A), Canada Bay (A), Canterbury (C), Holroyd (C), Hunters Hill (A), Hurstville (C), Kogarah (C), Ku-ring-gai (A), Lane Cove (A), Leichhardt (A), Manly (A), Marrickville (A), Mosman (A), North Sydney (A), Parramatta (C), Pittwater (A), Randwick (C), Rockdale (C), Ryde (C), Strathfield (A), Sutherland Shire (A), Sydney (C), Warringah (A), Waverley (A), Willoughby (C), Woollahra (A) districts, New South Wales province)",2002-10-01,2002-12-01,2.0,244.0,50000.0,81350.0
Natural,Biological,Epidemic,Viral disease,,Acute respiratory syndrome (SARS),Australia,,2003-02-01,2003-04-01,,6.0,,
Natural,Biological,Epidemic,Viral disease,,West Nile Fever,Canada,"Alberta, Ontario, Quebec",2002-09-01,2002-10-01,2.0,139.0,,
Natural,Biological,Epidemic,Viral disease,,Acute respiratory syndrome (SARS),Canada,"Ontario, British Columbia",2003-02-01,2003-06-01,43.0,208.0,,
Natural,Hydrological,Flood,Riverine flood,,,Chile,"Libertador Gral. Bernardo O'higgins, Maule, Biobio, Los Lagos, Los Rios, Aisen del Gral. Carlos Ibanez del Campo, Magallanes y Antartica chilena, Araucania provinces",2002-10-01,2002-11-01,3.0,800.0,,
Natural,Climatological,Wildfire,Forest fire,,,Australia,"Canberra region (Unincorporated ACT district, Australian Capital Territory province)",2003-01-01,2003-02-01,4.0,2650.0,300000.0,477263.0
Natural,Hydrological,Flood,Riverine flood,,,Indonesia,"Nias, Nias Selatan districts (Sumatera Utara province)",2001-07-01,2001-08-01,257.0,3694.0,,
Natural,Hydrological,Flood,Riverine flood,,,Indonesia,"Kota Medan, Langkat, Simalungun, Kota Tebingtinggi, Deli Serdang districts (Sumatera Utara province), Gowa district (Sulawesi Selatan province)",2001-12-01,2002-01-01,15.0,2000.0,,
Natural,Meteorological,Storm,Tropical cyclone,,Toraji,China,"Guangdong Sheng, Guangxi Zhuangzu Zizhiqu, Hainan Sheng provinces",2001-07-01,2001-08-01,100.0,,40000.0,66112.0
Natural,Meteorological,Storm,Tropical cyclone,,Fitow,China,"Guangdong Sheng, Hainan Sheng, Guangxi Zhuangzu Zizhiqu provinces",2001-08-01,2001-09-01,4.0,,213000.0,352045.0
Natural,Hydrological,Flood,Riverine flood,,,Cambodia,"Stung Treng, Kratie, Kampong Cham provinces",2001-08-01,2001-11-01,56.0,1669182.0,15000.0,24792.0
Natural,Meteorological,Storm,Tropical cyclone,,Juliette,Mexico,Baja California Sur province,2001-09-01,2001-10-01,3.0,3800.0,400000.0,661118.0
Natural,Meteorological,Storm,Tropical cyclone,,Rusa,Korea (ROK),"Kyongsangbuk-do, Kyongsangnam-do, Chungchongbuk-do, Chungchongnam-do, Kang-won-do, Cheju-do provinces",2002-08-01,2002-09-01,184.0,88625.0,4200000.0,6833359.0
Natural,Hydrological,Flood,Riverine flood,,,China,"Shaoguan Shi area (Shaoguan district, Guangdong Sheng province)",2002-10-01,2002-11-01,,50000.0,,
Natural,Biological,Epidemic,Bacterial disease,,Anthrax,China,,2002-01-01,2002-11-01,20.0,674.0,,
Natural,Biological,Epidemic,Viral disease,,Acute respiratory syndrome (SARS),China,"Guangdong, Beijing, Shanxi, Guangxi, Hunan, Sichuan, Shanghai, Funjian, Inner Mongolia province",2002-11-01,2003-06-01,349.0,4978.0,,
Natural,Climatological,Drought,Drought,,,China,Shandong Sheng province,2002-06-01,2002-10-01,,3660000.0,1210000.0,1968658.0
Natural,Hydrological,Flood,,,,China,"Tuokexun Xian area (Turfan district, Xinjiang Uygur Zizhiqu province), Tuoli Xian area (Tacheng district, Xinjiang Uygur Zizhiqu province), Nileke Xian area (Ili Kazakh district, Xinjiang Uygur Zizhiqu province)",2002-05-01,2002-06-01,22.0,7001.0,50000.0,81350.0
Natural,Biological,Epidemic,Viral disease,,Acute respiratory syndrome (SARS),Hong Kong SAR,Hong Kong,2003-02-01,2003-05-01,299.0,1456.0,,
Natural,Hydrological,Flood,Riverine flood,,,Indonesia,"Alor, Belu districts (Nusatenggara Timur province), Bandung, Bogor, Kota Depok districts (Jawa Barat province), Barru district (Sulawesi Timur province), Bondowoso, Kota Mojokerto, Kota Surabaya, Mojokerto, Sampang, Sidoarjo, Lumajang districts (Jawa Timur province), Tangerang district (Banten province)",2002-01-01,2002-02-01,150.0,500750.0,350000.0,569447.0
Natural,Hydrological,Flood,Riverine flood,,,Indonesia,"Aceh Barat, Aceh Barat Daya, Aceh Selatan, Naganraya, Aceh Singkil districts (Nangroe Aceh Darussalam province), Dairi, Nias, Nias Selatan, Tapanuli Tengah districts (Sumatera Utara province)",2002-11-01,2002-12-01,13.0,87000.0,1600.0,2603.0
Natural,Hydrological,Flood,Riverine flood,,,Cambodia,"Kandal, Stung Treng, Prey Veng, Takeo, Kampong Chhnang, Banteay Meanchey, Svay Rieng, Kampong Speu, Kratie, Pursat, Kampot provinces",2002-08-01,2002-11-01,29.0,1470000.0,100.0,163.0
Natural,Climatological,Drought,Drought,,,Cambodia,"Takeo, Kampot, Kampong Speu, Kampong Chhnang, Kandal, Prey Veng, Phnom Penh,Otdar Meanchey, Banteay Meanchey, Pursat, Battambang provinces",2002-01-01,2002-07-01,,650000.0,38000.0,61826.0
Natural,Biological,Epidemic,Viral disease,,Acute respiratory syndrome (SARS),Korea (ROK),,2003-04-01,2003-05-01,,3.0,,
Natural,Hydrological,Flood,Flash flood,,,Thailand,"Nam Kor village (Lom Sak District, Phetchabun Province), Udon Thani, Chiang Mai, Chiang Rai, Lamphun, Nong Khai, Phrae, Nan provinces",2001-08-01,2001-09-01,104.0,450109.0,24500.0,40493.0
Natural,Hydrological,Flood,Riverine flood,,,USA,"Cleveland area (Henry district, Illinois province), Barstow, Osborn areas (Rock Island district, Illinois province)",2001-02-01,2001-03-01,,200.0,,
Natural,Hydrological,Flood,Riverine flood,,,USA,"Minnesota, Iowa, Wisconsin, Illinois provinces",2001-04-01,2001-05-01,1.0,4400.0,13000.0,21486.0
Natural,Biological,Epidemic,Viral disease,,Acute respiratory syndrome (SARS),Singapore,Singapore,2003-02-01,2003-05-01,33.0,205.0,,
Natural,Biological,Epidemic,Viral disease,,Acute respiratory syndrome (SARS),Thailand,"Bangkok, Chonburi, Songkhla",2003-03-01,2003-05-01,2.0,7.0,,
Natural,Biological,Epidemic,Viral disease,,Acute respiratory syndrome (SARS),Chinese Taipei,,2003-02-01,2003-06-01,37.0,309.0,,
Natural,Meteorological,Storm,Convective storm,Tornado,,USA,"Breckinridge, Meade, Crittenden, Webster, Hopkins, Ohio, Hardin, Edmonson districts (Kentucky province), Bollinger, Howell districts (Missouri province), Charles, Calvert, Dorchester, Wicomico, Cecil districts (Maryland province), Illinois (Clay,Union, Johnson,Pope, Moultrie, Saline, Bond), Gordon district (Georgia province), Atchison district (Kansas province), Erie, Allegany districts (New York province), Stark district (Ohio province), Indiana, Mercer, Venango, Butler, Armstrong, Columbia, Lebanon, Allegheny districts (Pennsylvania province), Rutherford, Lake, Henry, Carter districts (Tennessee province), Virginia (Shenandoah, Greensville, Bedford, (Campbell, Nottoway, Prince George), Marshall district (West Virginia province), Pontotoc, Chickasaw districts (Mississippi province), Perry district (Indiana province)",2002-04-01,2002-05-01,10.0,100.0,2200000.0,3579378.0
Natural,Hydrological,Flood,Riverine flood,,,USA,"Comal, Guadalupe, Bandera, Uvalde, McMullen, Taylor districts (Texas province)",2002-06-01,2002-07-01,10.0,144000.0,1000000.0,1626990.0
Natural,Biological,Epidemic,Viral disease,,West Nile Fever,USA,"Alabama, district of Columbia, Illinois, Indiana, Louisiana, Mississippi, Texas, Florida, Massachusetts, Missouri, New York City, Ohio, Georgia, Kentucky, Maryland, Michigan, Nebraska, South Dacota, Tennessee, Texas, Virginia, Wisconsin",2002-07-01,2002-11-01,214.0,3523.0,,
Natural,Biological,Epidemic,Viral disease,,Acute respiratory syndrome (SARS),USA,"Alabama, California, Connecticut, Georgia, Hawaii, Illinois, Kansas, Maine, Massachusetts, Michigan, Missouri, Mississippi, Minnesota, New Jersey, New Mexico, North Carolina, New York, Pennsylvannia, Rhode Island, Texas, Utah, Virginia, Wisconsin",2003-02-01,2003-07-01,,29.0,,
Natural,Climatological,Drought,Drought,,,USA,"Illinois, Indiana, Iowa, Kansas, Michigan, Minnesota, Missouri, Nebraska, North Dakota, Ohio, South Dakota, Wisconsin provinces",2002-07-01,2002-08-01,,,3300000.0,5369067.0
Natural,Meteorological,Storm,,,,USA,"Cleveland, Comanche, Creek, Garvin, Grady, Greer, Harmon, Jackson, Kiowa, Lincoln, McClain, Nowata, Pottawatomie, Rogers, Stephens, Tillman, Tulsa, Alfalfa, Beaver, Beckham, Blaine, Caddo, Canadian, Cimarron, Custer, Dewey, Ellis, Garfield, Grant, Harper, Kay, Kingfisher, Logan, Major, Noble, Oklahoma, Osage, Pawnee, Payne, Roger Mills, Texas, Washington, Washita, Woods, Woodward districts (Oklahoma province), Missouri, Kansas, New York, Indiana, Ohio provinces",2002-01-01,2002-02-01,28.0,,400000.0,650796.0
Natural,Meteorological,Storm,,,,USA,"Fulton, Tioga, Broome, Oswego, Delaware, Dutchess districts (New York province), Wayne district (Pennsylvania province), Connecticut, Massachusetts, Michigan, New Hampshire, New Jersey, Ohio, Wisconsin provinces",2002-05-01,2002-06-01,1.0,47.0,,
Natural,Hydrological,Flood,Riverine flood,,,Australia,"Mount Isa, Longreach, Rockhampton, Townsville, Barcoo, Diamantina, Paroo districts (Queensland province), Tamworth Regional, Moree Plains districts (New South Wales province)",2004-01-01,2004-02-01,,3400.0,32000.0,49581.0
Natural,Hydrological,Flood,Riverine flood,,,China,"Xishui, Dongshang areas (Zunyi district, Guizhou Sheng province), Changsha, Zhuzhou districts (Hunan Sheng province), Nanchang district (Jiangxi Sheng province), Zhejiang Sheng, Jiangsu Sheng, Shaanxi Sheng, Guangxi Zhuangzu Zizhiqu, Gansu Sheng, Sichuan Sheng, Hubei Sheng, Chongqing Shi provinces",2003-06-01,2003-07-01,430.0,150146000.0,7890000.0,12552010.0
Natural,Hydrological,Flood,Riverine flood,,,China,"Ningshan Xian area (Ankang district, Shaanxi Sheng province), Hua Xian area (Weinan district, Shaanxi Sheng province), Gansu Sheng, Henan Sheng, Hubei Sheng, Shandong Sheng provinces",2003-08-01,2003-11-01,123.0,200000.0,2440000.0,3881737.0
Natural,Hydrological,Flood,Riverine flood,,,Indonesia,"Muarojambi, Kota Jambi, Tanjungjabung Timur, Batanghari districts (Jambi province), Indragiri Hulu, Pelalawan districts (Riau province)",2003-11-01,2003-12-01,8.0,25000.0,,
Natural,Hydrological,Flood,Riverine flood,,,Indonesia,"Batanghari, Kota Jambi, Muarojambi, Sarolangun districts (Jambi province), Majene district (Sulawesi Barat province), Kota Manado district (Sulawesi Utara province), Indragiri Hulu district (Riau province), Musibanyuasin (Sumatera Selatan province)",2003-12-01,2004-01-01,148.0,350000.0,,
Natural,Hydrological,Flood,Riverine flood,,,China,"Funan Xian, Mengcheng Xian, Yingshang Xian areas (Anhui Sheng province), Huoqiu Xian area (Lu'an district, Anhui Sheng province), Wangjiang Xian area (Anqing district, Anhui Sheng province), Xuyi Xian, Huaiyin Shi, Hongze Lake areas (Huai'an district, Jiangsu Sheng province), Xixia Xian area (Nanyang district, Henan Sheng province), Bengbu, Chuzhou districts (Anhui Sheng province), Shandong Sheng province",2003-07-01,2003-08-01,30.0,1200000.0,4830000.0,7683930.0
Natural,Hydrological,Landslide,Landslide,,,Indonesia,"Ende, Sikka, Kupang, Flores Timur districts (Nusatenggara Timur province)",2003-03-01,2003-04-01,76.0,229548.0,3961.0,6301.0
Natural,Hydrological,Flood,Riverine flood,,,Canada,"Colchester, Cumberland districts (Nova Scotia/Nouvelle Ecosse province)",2003-03-01,2003-04-01,2.0,170.0,10000.0,15909.0
Natural,Climatological,Wildfire,Forest fire,,,Canada,"British Columbia, Alberta, Saskatchewan, Manitoba provinces",2003-08-01,2003-09-01,1.0,,545000.0,867027.0
Natural,Climatological,Drought,Drought,,,Indonesia,"Belu, Timor Tengah Selatan, Timor Tengah Utara, Kupang districts (West Timor region, Nusatenggara Timur province)",2003-08-01,2003-09-01,,15000.0,1000.0,1591.0
Natural,Hydrological,Flood,Riverine flood,,,Canada,"Winnipeg (Division No. 11 district, Manitoba province) Selkirk, St Clements, Breezy Point (Division No.13 district, Manitoba province)",2004-03-01,2004-04-01,,1000.0,,
Natural,Hydrological,Flood,Riverine flood,,,Chile,"Chiloe, Llanquihue districts (Los Lagos province)",2004-06-01,2004-07-01,3.0,9000.0,,
Natural,Biological,Epidemic,Viral disease,,Dengue,Indonesia,"Aceh, Jambi, Banten, West Java, Central Java, Yogyakarta, East Java, South Kalimatan, Bali, West Nusa Tenggara, East Nusa Tenggara (Java, Sumatra)",2004-01-01,2004-04-01,658.0,58301.0,,
Natural,Hydrological,Flood,Riverine flood,,,Cambodia,"Kampong Cham, Kampong Chhnang, Kampong Speu, Kampong Thom, Kampot, Kandal, Kratie, Phnom Penh, Preah Vihear, Prey Veng, Stung Treng, Takeo provinces",2004-08-01,2004-10-01,,,,
Natural,Climatological,Wildfire,Forest fire,,,Mexico,"Baja California, Chihuahua, Sonora provinces",2003-10-01,2003-11-01,,,,
Natural,Biological,Epidemic,Viral disease,,Infuenza (H5N1),Thailand,"Sukhotai, Kanchanaburi, Suphanburi, Uttaradit, Lopburi, Ayudhaya",2003-10-01,2004-03-01,7.0,4.0,,
Natural,Climatological,Wildfire,Forest fire,,,USA,"Fontana, Rancho Cucamonga areas (San Bernardino district, California province)",2003-10-01,2003-11-01,14.0,27104.0,,
Natural,Climatological,Wildfire,Forest fire,,,USA,San Bernardino district (California province),2003-10-01,2003-11-01,4.0,40.0,3500000.0,5568065.0
Natural,Meteorological,Storm,Tropical cyclone,,Mindulle (Igme/10W),Chinese Taipei,"Chi-Ci, Guo-hsing, Ren-ai villages (Nantou area, Taiwan Sheng province), Hoping village (Taichung area, Taiwan Sheng province)",2004-06-01,2004-07-01,28.0,1171.0,400000.0,619758.0
Natural,Meteorological,Storm,Convective storm,Lightning/Thunderstorms,,USA,"Geneva, Jefferson, Lauderdale, Limestone, Madison districts (Alabama province), Cross, Mississippi, Nevada districts (Arkansas province), Crawford, Jefferson, Logan, Perry, Washington districts (Illinois province), Clark, Crawford, Hamilton, Hancock, Hendricks, Jackson, Madison, Marion, Monroe, Morgan, Miami, Owen, Tippecanoe, Vanderburgh, Warrick, Washington districts (Indiana province), Buchanan, Lee, Iowa districts (Iowa province), Cloud, Harper, Marshall, Republic, Sumner districts (Kansas province), Henry, Hopkins, Jefferson, Knox, Muhlenberg, McCracken, Webster districts (Kentucky province), St. Clair district (Michigan province), Tippah district (Mississippi province), Buchanan, Clinton, DeKalb, Daviess, Harrison, Laclede, Platte, St. Louis districts (Missouri province), Holt, Lincoln districts (Nebraska province), Adams district (Ohio province), Blaine, Canadian, Creek, Custer, Kingfisher, Mayes, Oklahoma, Tulsa, Wagoner districts (Oklahoma province), Brown, Edmunds, Clay districts (South Dakota province), Bedford, Bradley, Lincoln, Franklin, Giles, Grundy, Hardin, Moore districts (Tennessee province), Cottle, Houston, Tarrant districts (Texas province), Boone, Braxton, Cabell, Jackson, Kanawha, Lewis, Logan, Mason, Morgan, Mingo, Putnam, Upshur, Wayne, Wood, Wyoming districts (West Virginia province), Louisiana province",2004-05-01,2004-06-01,10.0,1000.0,700000.0,1084576.0
Natural,Hydrological,Flood,Riverine flood,,,USA,"Antigo area (Langlade district, Wisconsin province), Pembina, Walsh districts (North Dakota province) ",2004-03-01,2004-04-01,,306.0,4500.0,6972.0
Natural,Meteorological,Storm,Convective storm,Winter storm/Blizzard,,Turkey,"Artvin, Bartin, Bolu, Giresun, Istanbul, Kastamonu, Kirklareli, Kocaeli, Ordu, Rize, Sakarya, Samsun, Sinop, Trabzon, Zonguldak provinces",2005-01-01,2005-04-01,2.0,,,
Natural,Meteorological,Storm,Tropical cyclone,,Matsa (Gorio/09W),China,"Shanghai Shi, Jiangsu Sheng, Shandong Sheng, Anhui Sheng, Zhejiang Sheng provinces",2005-07-01,2005-08-01,10.0,1240000.0,850000.0,1273770.0
Natural,Hydrological,Flood,Riverine flood,,,China,"Dazhou, Bazhong, Guang'an, Nanchong, Yibin, Luzhou, Garze Tibetan (Sichuan Sheng province)",2005-06-01,2005-07-01,58.0,11230230.0,607000.0,909621.0
Natural,Hydrological,Flood,Riverine flood,,,China,"Shiyan, Xiangfan, Suizhou districts (Hubei Sheng province)",2005-08-01,2005-09-01,28.0,14500.0,,
Natural,Hydrological,Flood,Flash flood,,,Indonesia,"Panti, Tanggul, Arjasa, Rambipuji, Kaliwates, Wuluhan, Patrang, Balung, Puger areas (Jember district, Jawa Timur province)",2005-12-01,2006-01-01,79.0,7811.0,,
Natural,Hydrological,Flood,Riverine flood,,,Australia,"Coomera, Currumbin villages (Gold Coast district, Queensland province), Byron Bay area (Byron district, New South Wales province), Yamba area (Clarence Valley district, New South Wales province), Benora area (Tweed district, New South Wales province), Casino village (Richmond Valley district, New South Wales province), Kyogle, Lismore, Ballina districts (New South Wales province)",2005-06-01,2005-07-01,3.0,3000.0,58000.0,86916.0
Natural,Hydrological,Flood,Riverine flood,,,Canada,"Black Diamond, High River, Otokoks, Turner Valley towns (Division No. 6 district, Alberta province), Pincher Creek city (Division No. 3 district, Alberta province), Lethbridge city (Division No. 2 district, Alberta province), Siksika Reserve, Drumheller cities (Division No. 5 district, Alberta province), Red Deer city (Division No. 8 district, Alberta province)",2005-06-01,2005-07-01,4.0,5000.0,357000.0,534983.0
Natural,Hydrological,Flood,Riverine flood,,,China,"Shiyan district (Hubei Sheng province), Hanzhong district (Shaanxi Sheng province)",2005-09-01,2005-10-01,20.0,4610000.0,239000.0,358154.0
Natural,Hydrological,Flood,Riverine flood,,,China,"Jilin district (Jilin Sheng province), Hegang, Yichun, Daqing, Qiqihar, Harbin districts (Heilongjiang Sheng province)",2005-07-01,2005-08-01,5.0,1270000.0,271000.0,406108.0
Natural,Biological,Epidemic,Bacterial disease,,Septicaemia,China,"Ziyang City area (Sichuan province), Guangdong, Hainan, Jiangsu provinces",2005-06-01,2005-08-01,38.0,168.0,,
Natural,Biological,Epidemic,Viral disease,,Poliomyelitis,Indonesia,"Banten, Lampung (West, east and Central Java), DKI Jakarta, Sumatra (North and South), Aceh (NAD), Riau, Madura Isl., Probolinggo district",2005-06-01,2006-01-01,,329.0,,
Natural,Hydrological,Flood,Riverine flood,,,China,"Si Xian, Xiao Xian areas (Suzhou district, Anhui Sheng province), Fengyang Xian area (Chuzhou district, Anhui Sheng province), Bozhou Shi, Fuyang Shi areas (Name Unknown (12994) district, Anhui Sheng province), Dafeng Shi area (Yancheng district, Jiangsu Sheng province), Bengbu, Huaibei districts (Anhui Sheng province), Henan Sheng province",2006-06-01,2006-07-01,30.0,4120000.0,679000.0,985719.0
Natural,Hydrological,Flood,Flash flood,,,Indonesia,"Aceh Barat, Aceh Tamiang, Aceh Timur, Aceh Utara, Bener Meriah, Bireuen, Gayolues, Kota Lhokseumawe districts (Nangroe Aceh Darussalam province), Langkat, Mandailingnatal, Tapanuli Selatan districts (Sumatera Utara province), Rokanhilir, Indragiri Hulu districts (Riau province)",2006-12-01,2007-01-01,236.0,618486.0,,
Natural,Hydrological,Flood,Riverine flood,,,China,"Zhenxiong Xian area (Zhaotong district, Yunnan Sheng province), Gulin Xian area (Luzhou district, Sichuan Sheng province), Sandu Shui Zizhixian area (Qiannan Buyei and Miao district, Guizhou Sheng province), Rongjiang Xian area (Qiandongnan Miao and Dong district, Guizhou Sheng province), Bijie, Zunyi districts (Guizhou Sheng province)",2006-06-01,2006-07-01,42.0,10009.0,11000.0,15969.0
Natural,Hydrological,Flood,Riverine flood,,,Indonesia,"Lasem, Pamotan, Sedan areas (Rembang district, Jawa Tengah province), Demak, Kota Semarang, Semarang districts (Jawa Tengah province), Indramayu district (Jawa Barat province), Dki Jakarta province ",2006-01-01,2006-02-01,19.0,10000.0,27100.0,39342.0
Natural,Hydrological,Flood,Riverine flood,,,Austria,"Niederosterreich, Oberosterreich provinces",2006-03-01,2006-04-01,,516.0,,
Natural,Hydrological,Flood,Riverine flood,,,Canada,"Fort Albany city (Cochrane district, Ontario province)",2006-04-01,2006-05-01,,2000.0,,
Natural,Hydrological,Flood,Riverine flood,,,China,Fujian Sheng province,2006-05-01,2006-06-01,57.0,356000.0,393000.0,570526.0
Natural,Hydrological,Flood,Riverine flood,,,Czech,"Ostrava-mesto, Olomouc districts (Severomoravsky province), Usti nad Labem, Decin districts (Severocesky province), Praha district (Praha province); Theresienstadt/Terezin village (Litomence district, Severocesky province); Vestec municipality (Praha-zapad district, praha province); Znojmo, Hodonin, districts (Jihomoravsky province), Novosedly village (Breclav district, Jihomoravsky province), Bonov village (Trebic district, Jihomoravsky province); Melnik district (Stredocesky province) ",2006-03-01,2006-04-01,6.0,4200.0,,
Natural,Meteorological,Storm,Tropical cyclone,,Glenda,Australia,"Exmouth, Ashburton, East Pilbara, Port Hedland, Roebourne districts (Western Australia province)",2006-03-01,2006-04-01,,500.0,,
Natural,Hydrological,Flood,Riverine flood,,,China,"Jiangxi Sheng, Hubei Sheng provinces",2006-04-01,2006-05-01,21.0,10461.0,333000.0,483423.0
Natural,Climatological,Drought,Drought,,,China,"Sichuan Sheng, Chongqing Shi, Guizhou Sheng, Zhejiang Sheng, Anhui Sheng, Jiangxi Sheng, Hunan Sheng, Hubei Sheng provinces",2006-05-01,2006-09-01,134.0,18000000.0,2910000.0,4224508.0
Natural,Meteorological,Storm,Tropical cyclone,,Larry,Australia,Cairns district (Queensland province),2006-03-01,2006-04-01,,7030.0,1180000.0,1713031.0
Natural,Climatological,Wildfire,Forest fire,,,Australia,"Victoria, New South Wales, Tasmania provinces",2006-01-01,2006-04-01,3.0,81.0,50000.0,72586.0
Natural,Hydrological,Flood,Riverine flood,,,Canada,"Aklavik city (Region 1 district, Northwest Territories province)",2006-05-01,2006-06-01,,300.0,,
Natural,Hydrological,Flood,Riverine flood,,,China,Guizhou Sheng province,2006-04-01,2006-05-01,22.0,36900.0,36000.0,52262.0
Natural,Geophysical,Volcanic activity,Ash fall,,Mt. Merapi,Indonesia,"Boyolali, Magelang, Kota Magelang, Kota Klaten, Klaten districts (Jawa Tengah province), Sleman district (Daerah Istimewa Yogyakarta province)",2006-04-01,2006-05-01,,11000.0,,
Natural,Hydrological,Flood,Riverine flood,,,Indonesia,"Kota Jakarta Barat, Kota Jakarta Selatan districts (Dki Jakarta province), Tangerang district (Banten province), Bekasi, Bogor, Kota Depok districts (Jawa Barat province)",2007-01-01,2007-02-01,68.0,217087.0,971000.0,1370524.0
Natural,Meteorological,Storm,Tropical cyclone,,Katrina,USA,"Mobile, Bayou La Batre, Dauphin Island, Coden areas (Mobile district, Alabama province), New Orleans city (Orleans district, Louisiana province), Slidell area (St. Tammany district, Louisiana province), St. Bernard district (Louisiana province), Biloxi, Gulfport cities (Harrison district, Mississippi province), Pascagoula city (Jackson district, Mississippi province), Waveland, Bay St. Louis cities (Hancock district, Mississippi province), Georgia, Florida provinces",2005-08-01,2005-09-01,1833.0,500000.0,125000000.0,187319074.0
Natural,Hydrological,Flood,Riverine flood,,,USA,"Reno area (Washoe district, Nevada province), Truckee area (Nevada district, California province), Napa, Sonoma, Mendocino, Marin, Solano, Los Angeles districts (California), Carson City district (Nevada province)",2005-12-01,2006-01-01,3.0,3600.0,245000.0,367145.0
Natural,Meteorological,Storm,,,,Japan,"Niigata, Iwate, Hirosima, Tottori provinces",2005-12-01,2006-01-01,100.0,2810.0,33000.0,49452.0
Natural,Hydrological,Flood,Flash flood,,,Thailand,"Songkhla, Trang, Satun, Nakhon Si Thammarat, Phatthalung, Samut Prakarn, Samut Sakhon, Samut Songkham, Chumphon, Narathiwat, Pattani, Yala provinces",2005-11-01,2006-01-01,55.0,700000.0,97000.0,145360.0
Natural,Meteorological,Storm,Tropical cyclone,,Matsa (Gorio/09W),Chinese Taipei,Taiwan Sheng province,2005-07-01,2005-08-01,,,1000.0,1499.0
Natural,Meteorological,Storm,Tropical cyclone,,Rita,USA,"Louisiana, Texas, Mississippi provinces",2005-09-01,2005-10-01,10.0,300000.0,16000000.0,23976841.0
Natural,Climatological,Drought,Drought,,,Thailand,"Ang Thong, Bangkok, Buriram, Chachoengsao, Chainat, Chaiyaphum, Chanthaburi, Chiang Mai, Chiang Rai, Chonburi, Chumphon, Kalasin, Kampaeng Phet, Kanchanaburi, Khon Kaen, Krabi, Lampang, Lamphun, Loei, Lopburi, Mae Hong Son, Maha Sarakham, Mukdahan, Nakhon Nayok, Nakhon Pathom, Nakhon Phanom, Nakhon Ratchasima, Nakhon Sawan, Nakhon Si Thammarat, Nan Narathiwat, Nong Khai, Nonthaburi, Pathum Thani, Pattani, Phangnga, Phatthalung, Phayao, Phetchabun, Phetchaburi, Phichit, Phitsanulok, Phra Nakhon Si Ayudhya, Phrae, Phuket, Prachuap Khilikhan, Ranong, Ratchaburi, Rayong, Roi Et, Sakon Nakhon, Samut Prakarn, Samut Sakhon, Samut Songkham, Saraburi, Satun, Si Saket, Singburi, Songkhla, Sukhothai, Suphanburi, Surat Thani, Surin, Tak, Trad, Trang, Uthai Thani, Uttaradit, Yala, Yasothon, Amnat Charoen, Nong Bua Lamphu, Phachinburi, Sa Kaeo, Ubon Ratchathani, Udon Thani provinces",2005-01-01,2005-03-01,,,420000.0,629392.0
Natural,Climatological,Wildfire,Forest fire,,,USA,"Texas, Oklahoma provinces",2005-12-01,2006-01-01,5.0,1410.0,100000.0,149855.0
Natural,Hydrological,Flood,Riverine flood,,,Japan,"Matumotosi, Okayasi, Minowamati districts (Nagano province), Izumosi district (Simane province), Aminotyoo, Kumihamatyoo, Oomiyatyoo, Tangotyoo, Yasakatyoo districts (Kyooto province), Tateyamamati district (Toyama province) ",2006-06-01,2006-07-01,34.0,6232.0,,
Natural,Hydrological,Flood,Flash flood,,,Thailand,"Nan, Phrae, Lampang, Sukhothai, Uttaradit provinces",2006-05-01,2006-06-01,116.0,342895.0,25000.0,36293.0
Natural,Hydrological,Flood,Riverine flood,,,Thailand,"Chiang Rai, Chiang Mai, Mae Hong Son, Lamphun, Lampang, Phrae, Phayao, Uttaradit, Phetchabun, Phitsanulok, Sukhothai, Tak, Kampaeng Phet, Nakhon Sawan, Uthai Thani, Phichit, Chainat, Singburi, Ang Thong, Phra Nakhon Si Ayudhya, Lopburi, Saraburi, Pathum Thani, Nonthaburi, Nakhon Nayok, Chachoengsao, Phachinburi, Chonburi, Chanthaburi, Chaiyaphum, Khon Kaen, Surat Thani, Nakhon Si Thammarat, Phangnga provinces",2006-08-01,2006-12-01,164.0,2212413.0,9940.0,14430.0
Natural,Hydrological,Flood,Riverine flood,,,USA,"Maryland, Pennsylvania, New York, Delaware, Virginia, New Jersey provinces",2006-06-01,2006-07-01,11.0,65000.0,1000000.0,1451721.0
Natural,Hydrological,Flood,Riverine flood,,,Cambodia,"Kampong Seila district (Koh Kong province), Phnom Penh, Kampong Speu, Kampot, Ratanak Kiri, Mondul Kiri provinces",2006-08-01,2006-11-01,5.0,33000.0,,
Natural,Meteorological,Storm,,,,USA,"Illinois, Indiana, Kentucky, Missouri, New York, Ohio, Pennsylvania, Tennessee provinces",2006-11-01,2006-12-01,11.0,,,
Natural,Meteorological,Storm,Tropical cyclone,,Ernesto,USA,"South Carolina, North Carolina, Virginia provinces",2006-08-01,2006-09-01,6.0,140.0,32860.0,47704.0
Natural,Hydrological,Flood,Riverine flood,,,Mexico,Juarez district (Chihuahua province),2006-07-01,2006-08-01,,,,
Natural,Hydrological,Flood,Flash flood,,,Turkey,"Antalya town (Merkez district, Antalya province), Mersin town (Merkez district, Icel province), Siverek, Ceylanpinar, Suruc districts (Sanliurfa province), Bismil, Cinar districts (Diyarbakir province), Cizre, Silopi, Uludere districts (Sirnak province), Merkez, Hasankeyf districts (Batman province), Beykoz, Sariyer districts (Istanbul province), Yuksekova, Semdinli districts (Hakkari province)",2006-10-01,2006-11-01,47.0,63015.0,317000.0,460196.0
Natural,Biological,Epidemic,Viral disease,,Crimean-Congo Haemorrhagic fever,Turkey,"Tokat, Sivas, Gümüshane, Amasya, Yozgat, Corum provinces",2006-01-01,2006-08-01,20.0,222.0,,
Natural,Hydrological,Flood,Riverine flood,,,USA,El Paso district (Texas province),2006-07-01,2006-08-01,,,100000.0,145172.0
Natural,Hydrological,Flood,Riverine flood,,,China,"Sichuan Sheng, Anhui Sheng, Hubei Sheng, Shaanxi Sheng, Henan Sheng, Jiangsu Sheng, Shandong Sheng provinces",2007-06-01,2007-07-01,535.0,105004000.0,4425655.0,6246620.0
Natural,Hydrological,Flood,Riverine flood,,,China,"Tengchong Xian area (Baoshan district, Yunnan Sheng province), Fuyuan Xian area (Qujing district, Yunnan Sheng province), Yuanjiang Hani-Yi-Dai Zizhi area (Yuxi district, Yunnan Sheng province), Pu'er, Dehong Dai and Jingpo, Lincang districts (Yunnan Sheng province)",2007-07-01,2007-08-01,170.0,386000.0,40000.0,56458.0
Natural,Hydrological,Flood,Riverine flood,,,China,"Luntai Xian, Ruoqiang Xian areas (Bayin'gholin Mongol district, Xinjiang Uygur Zizhiqu province), Huocheng Xian area (Ili Kazakh district, Xinjiang Uygur Zizhiqu province), Kanas, Burqin areas (Altay district, Xinjiang Uygur Zizhiqu province), Changji Hui, Hami, Urumqi districts (Xinjiang Uygur Zizhiqu province)",2007-07-01,2007-08-01,29.0,350000.0,80000.0,112917.0
Natural,Hydrological,Flood,Riverine flood,,,China,"Lushi Xian area (Sanmenxia district, Henan Sheng province)",2007-07-01,2007-08-01,96.0,30000.0,,
Natural,Hydrological,Flood,Riverine flood,,,Indonesia,"Morowali, Donggala, Parigimoutong, Poso, Tojounauna, Banggai, Toli-toli districts (Sulawesi Tengah province)",2007-07-01,2007-08-01,88.0,3389.0,,
Natural,Hydrological,Flood,Flash flood,,,China,Hubei Sheng province,2007-06-01,2007-07-01,9.0,,,
Natural,Hydrological,Flood,Riverine flood,,,China,Ankang district (Shaanxi Sheng province),2007-08-01,2007-09-01,11.0,17500.0,26000.0,36698.0
Natural,Hydrological,Flood,Riverine flood,,,Indonesia,"Kutai Barat, Kutai Kartanegara districts (Kalimantan Timur province)",2007-05-01,2007-06-01,4.0,60000.0,,
Natural,Hydrological,Flood,Riverine flood,,,Indonesia,"Larompong, Suli areas (Luwu district, Sulawesi Selatan province)",2007-07-01,2007-08-01,15.0,2000.0,,
Natural,Biological,Epidemic,Viral disease,,Dengue,Indonesia,"Jakarta, Bogor, Depok, Tangerang, Bekasi ",2007-02-01,2007-03-01,16.0,312.0,,
Natural,Hydrological,Flood,Riverine flood,,,Chile,"Araucania, Biobio, Los Rios, Los Lagos, Maule provinces",2008-08-01,2008-09-01,4.0,104755.0,23000.0,31263.0
Natural,Hydrological,Flood,Riverine flood,,,China,"Guizhou Sheng, Hubei Sheng, Guangxi Zhuangzu Zizhiqu, Hunan Sheng, Jiangxi Sheng, Guangdong Sheng, Sichuan Sheng, Chongquing Shi, Shaanxi Sheng provinces",2008-05-01,2008-06-01,64.0,538166.0,,
Natural,Hydrological,Flood,Riverine flood,,,China,"Yunnan Sheng, Guangxi Zhuangzu Zizhiqu provinces",2008-10-01,2008-11-01,67.0,411000.0,29000.0,39419.0
Natural,Meteorological,Storm,Extra-tropical storm,,Emma,Austria,"Tirol, Salzburg, Niederosterreich provinces",2008-02-01,2008-03-01,4.0,,500000.0,679636.0
Natural,Meteorological,Storm,Tropical cyclone,,"Tropical Storm ""Fung-Wong"" (Igme)",China,"Yuexi Xian area (Anqing district, Anhui Sheng province), Jinzhai Xian area (Lu'an district, Anhui Sheng province), Fuzhou, Quanzhou, Putian districts (Fujian Sheng province), Wenzhou district (Zhejiang Sheng province ), Jiujiang district (Jiangxi Sheng province)",2008-07-01,2008-08-01,1.0,93006.0,73000.0,99227.0
Natural,Hydrological,Flood,Riverine flood,,,Canada,"James Bay area (Cochrane, Kenora districts, North Ontario province)",2008-04-01,2008-05-01,,2000.0,,
Natural,Hydrological,Flood,Riverine flood,,,Australia,"Yamba area (Unincorporated NSW, New South Wales province), Proserpine, Airlie Beach, Bowen areas (Whitsunday district, Queensland province), Giru area (Burdekin district, Queensland province), Georgetown area (Etheridge district, Queensland province), Charleville area (Murweh district, Queensland province), Aramac, Muttaburra, Willow villages (Barcaldine district, Queensland province), Belyando, Clermont villages (Isaac district, Queensland province), Emerald, Sapphire villages (Central Highlands district, Queensland province), hargomindah village (Bulloo district, Queensland province), Mirani, Finch Hatton villages (Mackay district, Queensland province), Cunnamulla village (Paroo district, Queensland province), Townsville, Charters Towers, Longreach, Winton, Barcoo, Quilpie, Blackall Tambo districts (Queensland province)",2008-01-01,2008-02-01,,3200.0,600000.0,815564.0
Natural,Climatological,Drought,Drought,,,China,"Henan Sheng, Anhui Sheng, Shanxi Sheng, Shaanxi Sheng, Shandong Sheng, Hubei Sheng, Gansu Sheng, Hebei Sheng, Jiangsu Sheng provinces",2008-11-01,2009-02-01,,3700000.0,234000.0,318070.0
Natural,Meteorological,Storm,Extra-tropical storm,,Emma,Czech,"Jihocesky, Jihomoravsky, Praha, Severocesky, Severomoravsky, Stredocesky (Libeznice city, Praha-vychod district), Vychodocesky, Zapadocesky provinces",2008-02-01,2008-03-01,2.0,,50000.0,67964.0
Natural,Hydrological,Flood,Riverine flood,,,Indonesia,"Kampar, Kota Pekanbaru, Kuantan Singingi districts (Riau province)",2008-03-01,2008-04-01,,60000.0,,
Natural,Hydrological,Flood,Riverine flood,,,Indonesia,Lombok Barat district (Nusatenggara Barat province),2008-12-01,2009-01-01,24.0,15000.0,,
Natural,Hydrological,Flood,Flash flood,,,Indonesia,"Blora, Sragen, Bojonegoro, Jember, Ngawi, Pasuruan districts (Jawa Timur province), Luwu district (Sulawesi Selatan province)",2009-01-01,2009-02-01,18.0,12000.0,,
Natural,Meteorological,Storm,Tropical cyclone,,"Tropical storm ""Dominic""",Australia,Queensland province,2009-01-01,2009-02-01,,400.0,,
Natural,Hydrological,Flood,Riverine flood,,,China,"Jiangxi Sheng, Hubei Sheng, Hunan Sheng, Guangdong Sheng provinces",2009-04-01,2009-06-01,49.0,5630000.0,,
Natural,Hydrological,Flood,Riverine flood,,,Mexico,"Huitiupan, Ixhuatan, Ixtacomitan, Juarez, Ocotepec, Ostuacan, Pantepec, Pichucalco, Reforma, Solosuchiapa districts (Chiapas province), Tabasco province",2007-10-01,2007-11-01,22.0,1600000.0,3000000.0,4234370.0
Natural,Meteorological,Storm,Tropical cyclone,,Lorenzo,Mexico,"Veracruz, Puebla provinces",2007-09-01,2007-10-01,5.0,33000.0,,
Natural,Hydrological,Flood,Riverine flood,,,USA,"Wichita Falls area (Wichita district, Texas province), Georgetown areas (Williamson district, Texas province), Burnet, Marble Falls, Granite Shoals areas (Burnet district, Texas province), Granbury area (Hood district, Texas province), Lampasas, Parker, Eastland districts (Texas province), Miami, Commerce areas (Ottawa district, Oklahoma province), Shawnee, Tecumseh, Maud areas (Pottawatomie district, Oklahoma province), Oklahoma city (Oklahoma district, Oklahoma province), Waurika area (Jefferson district, Oklahoma province), Bartlesville, Dewey areas (Washington district, Oklahoma province), Love, Lincoln districts (Oklahoma province), Coffeyville area (Montgomery district, Kansas province), Osawatomie area (Miami district, Kansas province), Allen, Labette, Neosho, Wilson, Woodson districts (Kansas province), Rockville, Papinville areas (Bates district, Missouri province), Vernon district (Missouri province)",2007-06-01,2007-07-01,8.0,5000.0,,
Natural,Meteorological,Storm,Tropical cyclone,,Fitow (9),Japan,"Tookyoo, Hokkaidoo, Nagano provinces",2007-08-01,2007-09-01,4.0,982.0,1000000.0,1411457.0
Natural,Hydrological,Flood,Riverine flood,,Monsoonal rain,Thailand,"Phetchabun, Loei, Kalasin, Mukdahan, Chiang Rai, Phichit provinces",2007-09-01,2007-11-01,10.0,17000.0,,
Natural,Hydrological,Flood,Riverine flood,,,Turkey,"Ugurtas, Kacmaz, Karlica Demirkapi, Seyithanbey, Danakiran, Karayseyitali villages (Habur area, Hamur district, Agri province), Ercis area (Ercis district, Van province), Kalkanli area (Hizan district, Bitlis province), Bilek area (Sehitkamil district, Gaziantep province)",2007-05-01,2007-06-01,13.0,750.0,,
Natural,Climatological,Wildfire,Forest fire,,,USA,"Alpine, Amador, Calaveras, El Dorado, Mono, Placer, Tuolumne districts (California province)",2007-06-01,2007-07-01,,768.0,,
Natural,Climatological,Drought,Drought,,,USA,"California, Georgia, Maryland provinces",2007-10-01,2009-06-01,,,300000.0,423437.0
Natural,Hydrological,Flood,Riverine flood,,,USA,"Missouri, Mississippi, Arkansas, Indiana, Illinois, Ohio, Kentucky, Oklahoma, Iowa, Wisconsin, Texas provinces",2008-03-01,2008-04-01,18.0,1000.0,2000.0,2719.0
Natural,Hydrological,Flood,Flash flood,,,Thailand,"Nakhon Si Thammarat, Surat Thani, Narathiwat, Phatthalung, Songkhla, Yala, Trang, Chumphon, Pattani provinces",2008-11-01,2008-12-01,21.0,700000.0,11500.0,15632.0
Natural,Hydrological,Flood,Flash flood,,,Thailand,"Phatthalung, Yala, Narathiwat provinces",2008-12-01,2009-01-01,,32584.0,344.0,468.0
Natural,Hydrological,Flood,Riverine flood,,,Thailand,"Phitsanulok, Lopburi, Phra Nakhon Si Ayudhya",2008-09-01,2008-10-01,18.0,839573.0,16000.0,21748.0
Natural,Hydrological,Flood,Riverine flood,,,USA,"Orting town (Pierce district, Washington province), Chehalus town (Lewis district, Washington), Oregon province",2008-12-01,2009-01-01,,30000.0,,
Natural,Climatological,Wildfire,Forest fire,,,USA,California province,2008-06-01,2008-07-01,1.0,300.0,102000.0,138646.0
Natural,Hydrological,Flood,Riverine flood,,,USA,"North Dakota, Minnesota provinces",2009-03-01,2009-04-01,2.0,5060.0,166000.0,226444.0
Natural,Hydrological,Flood,Riverine flood,,,China,"Changning area (Yibin district, Sichuan Sheng province)",2009-08-01,2009-09-01,12.0,118000.0,,
Natural,Hydrological,Flood,Riverine flood,,,China,"Panzhihua city (Panzhihua district, Sichuan Sheng province), Guizhou Sheng, Jiangxi Sheng provinces",2009-07-01,2009-08-01,20.0,38.0,33000.0,45016.0
Natural,Climatological,Drought,Drought,,,China,"Yunnan Sheng, Guizhou Sheng, Sichuan Sheng, Guangxi Zhuangzu Zizhiqu, Chongqing Shi provinces",2009-10-01,2010-05-01,,60000000.0,3600000.0,4910843.0
Natural,Hydrological,Flood,Riverine flood,,,Australia,"Queensland, New South Wales provinces",2009-01-01,2009-02-01,7.0,9000.0,150000.0,204618.0
Natural,Climatological,Drought,Drought,,,China,"Chaiyang, Fuxin, Jinzhou, Huludao districts (Liaoning Sheng province)",2009-06-01,2009-07-01,,160000.0,,
Natural,Hydrological,Flood,Riverine flood,,,China,"Ankang, Hanzhong, Shangluo districts (Shaanxi Sheng province), Fujian Sheng, Sichuan Sheng, Guangxi Zhuangzu Zizhiqu, Zhejiang Sheng, Hunan Sheng, Guangdong Sheng, Guizhou Sheng, Hubei Sheng, Yunnan Sheng, Henan Sheng, Jilin Sheng, Anhui Sheng, Jiangsu Sheng, Chongqing Shi, Shangai Shi, Gansu Sheng provinces",2010-05-01,2010-08-01,1691.0,134000000.0,18000000.0,24158011.0
Natural,Hydrological,Flood,Riverine flood,,,Indonesia,"Ciwidey village (Bandung district, Jawa Barat province)",2010-02-01,2010-03-01,44.0,100.0,,
Natural,Climatological,Drought,Drought,,,China,"Anhui Sheng, Gansu Sheng, Henan Sheng, Hebei Sheng, Jiangsu Sheng, Shaanxi Sheng, Shandong Sheng, Shanxi Sheng provinces",2010-12-01,2011-05-01,,35000000.0,2370000.0,3180805.0
Natural,Hydrological,Flood,Riverine flood,,,Australia,"Charleville town (Murweh district, Queensland province), Roma town (Maranoa district, Queensland province), Thallon, Bollon, Dirranbandi towns (Balonne district, Queensland province), Brisbane district (Queensland province),",2010-02-01,2010-03-01,,,109000.0,146290.0
Natural,Hydrological,Flood,Riverine flood,,,Australia,"Benalla, Buloke, Campaspe, Gannawarra, Greater Shepparton, Hindmarsh, Indigo, Loddon, Mildura, Moira, Swan Hill, Towong, Wangaratta, Wodonga, Yarriambiack districts (North Central Victoria province), Queensland, New South Wales provinces",2010-11-01,2010-12-01,,1000.0,,
Natural,Hydrological,Flood,Riverine flood,,,Australia,"New South Wales, Queensland, Victoria provinces",2010-12-01,2011-02-01,35.0,175000.0,7300000.0,9797416.0
Natural,Hydrological,Flood,Riverine flood,,,China,Jilin Sheng province,2010-06-01,2010-08-01,152.0,6000000.0,,
Natural,Hydrological,Landslide,Landslide,,,China,Guangxi Zhuangzu Zizhiqu province,2010-05-01,2010-06-01,52.0,2100000.0,,
Natural,Geophysical,Volcanic activity,Ash fall,,Mt. Sinabung,Indonesia,"Suka Meriah, Guru Kinayan, Gamber, Kuta Gugung, Siragong-Grang, Bekerah, Simacem, Sukanalu, Naman, Kebayaken, Kuta Rayat, Kuta Mbelin villages (Karo district, Sumatera Utara province)",2010-08-01,2010-09-01,1.0,15060.0,,
Natural,Hydrological,Flood,Riverine flood,,,Canada,"Manitoba, Saskatchewan, Quebec, Alberta provinces",2011-04-01,2011-05-01,5.0,2000.0,800000.0,1040832.0
Natural,Biological,Epidemic,Viral disease,,Dengue,Mexico,"Tabasco, Veracruz, Quintana Roo, Nayarit, Jalisco, Guerrero",2009-10-01,2009-12-01,,41687.0,,
Natural,Climatological,Wildfire,"Land fire (Brush, Bush, Pasture)",,,USA,"Los Angeles, Monterey districts (California province)",2009-07-01,2009-10-01,2.0,192.0,,
Natural,Hydrological,Flood,Riverine flood,,,Mexico,"Distrito Federal, Mexico city, Michoacan provinces",2010-01-01,2010-02-01,41.0,20000.0,16000.0,21474.0
Natural,Meteorological,Storm,Tropical cyclone,,"Tropical storm ""Alex""",Mexico,"Nuevo Leon, Coahuila, Tamaulipas, Oaxaca provinces",2010-06-01,2010-07-01,22.0,170000.0,2000000.0,2684223.0
Natural,Meteorological,Storm,Convective storm,Severe storm,,USA,"Alabama, Arkansas, Mississippi, Kentucky, Tennessee provinces",2010-04-01,2010-05-01,30.0,8000.0,2350000.0,3153963.0
Natural,Hydrological,Flood,Riverine flood,,,Cambodia,"Banteay Meanchey, Battambang, Otdar Meanchey, Pailin, Preah Vihear, Pursat provinces",2010-10-01,2010-11-01,8.0,,70000.0,93948.0
Natural,Hydrological,Flood,Riverine flood,,,Thailand,"Chainat, Singburi, Ang Thong, Suphanburi, Phra Nakhon Si Ayudhya, Lopburi, Nakhon Sawan, Saraburi, Nakhon Nayok, Nonthaburi, Pathum Thani, Nakhon Pathom, Uthai Thani, Samut Prakarn, Chaiyaphum, Si Saket, Surin, Buriram, Khon Kaen, Kalasin, Maha Sarakham, Ubon Ratchathani, Nong Bua Lamphu, Nakhon Ratchasima, Roi Et, Songkhla, Satun, Trang, Narathiwat, Pattani, Phatthalung, Yala, Surat Thani, Nakhon Si Thammarat, Krabi, Chumphon, Ranong provinces",2010-10-01,2010-12-01,258.0,8970653.0,332000.0,445581.0
Natural,Climatological,Drought,Drought,,,Thailand,"Ang Thong, Chainat, Chaiyaphum, Chiang Rai, Kalasin, Kampaeng Phet, Khon Kaen, Lampang, Loei, Lopburi, Maha Sarakham, Mukdahan, Nakhon Phanom, Nakhon Ratchasima, Nakhon Sawan, Nan, Nong Bua Lamphu, Nong Khai, Phayao, Phichit, Phitsanulok, Phra Nakhon Si Ayudhya, Phrae, Sakon Nakhon, Saraburi, Singburi, Sukhothai, Suphanburi, Udon Thani, Uthai Thani, Uttaradit provinces",2010-03-01,2011-03-01,,6482602.0,,
Natural,Meteorological,Storm,Convective storm,Tornado,,USA,"Arkansas, Missouri, Illinois provinces",2010-12-01,2011-01-01,8.0,13.0,,
Natural,Meteorological,Storm,Convective storm,Tornado,,USA,"Illinois, Massachusetts, Michigan, Minnesota, North Dakota provinces",2011-05-01,2011-06-01,3.0,200.0,,
Natural,Meteorological,Storm,Tropical cyclone,,"Tropical Storm ""Arlene""",Mexico,"Isla, Tamalin, Tamiahua, Tampico Alto districts (Veracruz province)",2011-06-01,2011-07-01,22.0,300000.0,70000.0,91073.0
Natural,Hydrological,Flood,Flash flood,,,Thailand,"Nakhon Si Thammarat, Phatthalung, Surat Thani, Trang, Chumphon, Songkhla, Krabi, Phangnga provinces",2011-03-01,2011-04-01,64.0,716110.0,317000.0,412430.0
Natural,Hydrological,Flood,Riverine flood,,,Thailand,"Phrae, Mae Hong Son, Sukhothai, Chiang Mai, Tak, Nakhon Pathom, Roi Et, Phichit, Udon Thani, Sakon Nakhon, Uttaradit, Phitsanulok, Kampaeng Phet, Nakhon Sawan, Phetchabun, Nakhon Nayok, Phra Nakhon Si Ayudhya, Kalasin, Ubon Ratchathani, Uthai Thani, Chainat, Singburi, Ang Thong, Lopburi, Saraburi, Suphanburi, Pathum Thani, Nonthaburi, Khon Kaen, Si Saket, Surin, Chachoengsao, Phachinburi, Maha Sarakham, Samut Sakhon provinces",2011-08-01,2012-01-01,813.0,9500000.0,40000000.0,52041595.0
Natural,Meteorological,Storm,Convective storm,Winter storm/Blizzard,,USA,"Oklahoma, Texas, Missouri, Wisconsin, Minnesota, Colorado, Wyoming, Alabama, Arkansas, Delaware, Florida, Georgia, Kentucky, Louisiana, Maryland, Mississippi, North Carolina, South Carolina, Tennessee, Virginia, West Virginia, New York, New Jersey, Pennsylvania provinces",2011-01-01,2011-02-01,39.0,,1900000.0,2471976.0
Natural,Climatological,Wildfire,"Land fire (Brush, Bush, Pasture)",,,Mexico,"Acuna, Muzquiz, Ocampo, Arteaga districts (Coahuila province)",2011-03-01,2011-05-01,,,,
Natural,Meteorological,Storm,Tropical cyclone,,Hurricane Irene,USA,"New York, New Jersey, Pennsylvania, North Carolina, Virginia, Maryland, District of Columbia, Connecticut, Florida provinces",2011-08-01,2011-09-01,46.0,370000.0,7300000.0,9497591.0
Natural,Meteorological,Storm,Tropical cyclone,,Typhoon Pedring (Nesat),China,"Guangxi Zhuangzu Zizhiqu, Hainan Sheng provinces",2011-09-01,2011-10-01,3.0,1000000.0,219000.0,284928.0
Natural,Climatological,Wildfire,Forest fire,,,Chile,"Maule, Biobio, Magallanes y Antartica chilena, Araucania provinces",2011-12-01,2012-01-01,1.0,1082.0,200000.0,260208.0
Natural,Hydrological,Flood,Riverine flood,,,China,"Beijing Shi, Shanxi Sheng, Nei Mongol Zizhiqu, Jilin Sheng, Heilongjiang Sheng, Jiangsu Sheng, Henan Sheng, Yunnan Sheng, Xinjinag Uygur Zizhiqu",2011-08-01,2011-09-01,22.0,3800000.0,,
Natural,Hydrological,Flood,Riverine flood,,,China,"Nei Mongol Zizhiqu, Zheijiang Sheng, Fujian Sheng, Jiangxi Sheng, Hubei Sheng, Hunan Sheng, Guangdong Sheng, Guangxi Zhuangzu Zizhiqu, Chongqing Shi, Sichuan Sheng, Guizhou Sheng, Shaanxi Sheng, Shandong Sheng provinces",2012-06-01,2012-07-01,91.0,17440000.0,1200000.0,1529595.0
Natural,Hydrological,Flood,Riverine flood,,,China,"Min Xian, Zhang Xian, Weiyuan Xian areas (Dingxi district, Gansu Sheng province), Hunan Sheng, Jiangxi provinces",2012-04-01,2012-05-01,132.0,13119000.0,2500000.0,3186657.0
Natural,Hydrological,Flood,Riverine flood,,,Australia,"New South Wales, Queensland provinces",2012-01-01,2012-03-01,2.0,13000.0,225000.0,286799.0
Natural,Hydrological,Flood,Riverine flood,,,Australia,"New South Wales province (Bellingen, Byron, Kyogle, Lismore, Richmond Valley, Clarence Valley, Coffs Harbour, Inverell, Nambucca, Kempsey, Tweed, Tenterfield, Greater Taree, Moree Plains, Narrabri (Wee Waa town), Gunnedah, Gwydir (Bingara, Gravesend, Yallaroi towns), Brewarrina (Goodooga town), Walgett (Collarenebri, Lightning Ridge, Cumborah towns), Bourke districts), Queensland province (Balonne (St. George, Dirranbandi, Roma towns), Paroo (Cunnamulla town), Maranoa (Mitchell town (Booringa area)), Murweh (Charleville town) districts),",2012-02-01,2012-03-01,2.0,3000.0,363000.0,462703.0
Natural,Hydrological,Flood,Riverine flood,,,China,"Suihua, Harbin districts (Heilongjiang Sheng province), Nei Mongol Zizhiqu, Shanxi Sheng, ",2012-07-01,2012-08-01,70.0,500000.0,800000.0,1019730.0
Natural,Hydrological,Flood,Riverine flood,,,China,"Meijia village (Tongnan area, Name Unknown district, Chongqing Shi province), Huilongzhen village (Qionglai Shi area, Chengdu district, Sichuan Sheng province), Shimian Xian, Ya'an Shi areas (Ya'an district, Sichuan Sheng province), Qingchuan Xian area (Guangyuan district, Sichuan Sheng province), Ordos city (Ordos district, Nei Mongol Zizhiqu province), Anhui Sheng, Hubei Sheng, Hebei Sheng, Shanxi Sheng, Zheijiang Sheng provinces",2013-06-01,2013-07-01,55.0,625000.0,1400000.0,1758765.0
Natural,Hydrological,Flood,Riverine flood,,,China,"Heilongjiang Sheng, Jilin Sheng, Liaoning Sheng provinces",2013-08-01,2013-09-01,118.0,1075000.0,4960000.0,6231053.0
Natural,Meteorological,Storm,Convective storm,Lightning/Thunderstorms,,China,"Jiangxi Sheng, Guangxi Zhuangzu Zizhiqu provinces",2013-04-01,2013-05-01,12.0,217000.0,154000.0,193464.0
Natural,Hydrological,Flood,Riverine flood,,,China,Shandong Sheng provinces,2013-07-01,2013-08-01,10.0,125000.0,571000.0,717325.0
Natural,Climatological,Drought,Drought,,,China,"Yunnan Sheng, Sichuan Sheng, Shaanxi Sheng, Qinghai Sheng, Shanxi Sheng, Gansu Sheng provinces",2013-01-01,2013-07-01,,5000000.0,,
Natural,Geophysical,Volcanic activity,Ash fall,,Mt. Sinabung,Indonesia,Karo district (Sumatera Utara province),2013-09-01,2013-12-01,,29727.0,,
Natural,Meteorological,Storm,Tropical cyclone,,Hurricane Jova,Mexico,"Puerto Vallarta district (Jalisco province), Manzanillo district (Colima province), Michoacan, Nayarit provinces",2011-10-01,2011-11-01,5.0,50000.0,27700.0,36039.0
Natural,Hydrological,Flood,Riverine flood,,,Korea (ROK),"Chuncheon city (Kang-won-do province), Seoul, Kyonggi-do provinces",2011-07-01,2011-08-01,53.0,29000.0,52000.0,67654.0
Natural,Hydrological,Flood,Riverine flood,,,Cambodia,"Kandal, Kampong Thom, Prey Veng, Kampong Cham, Kratie, Battambang, Kampong Chhnang, Preah Vihear, Pursat provinces",2011-08-01,2011-11-01,247.0,1640023.0,521000.0,677842.0
Natural,Hydrological,Flood,Riverine flood,,,Mexico,Cuantitlan district (Jalisco province),2011-08-01,2011-09-01,74.0,40000.0,,
Natural,Climatological,Drought,Drought,,,Mexico,"Nuevo Leon, Guanajuato, Sonora, Chihuahua, Coahuila, Durango, Zacatecas, San Luis Potosi provinces",2011-09-01,2011-12-01,,2500000.0,,
Natural,Hydrological,Flood,Riverine flood,,,Thailand,"Tak, Sukhothai, Phitsanulok, Phichit, Chainat, Ang Thong, Phra Nakhon Si Ayudhya, Suphanburi, Phachinburi, Sa Kaeo, Nakhon Pathom, Chonburi, Rayong, Chachoengsao, Chaiyaphum provinces",2012-08-01,2012-09-01,,235545.0,,
Natural,Climatological,Drought,Drought,,,Thailand,"Lampang, Kamphaeng Phet, Nan, Phayao, Chiang Mai, Sukhothai (Northern provinces); Nong Khai, Si Sa Ket, Khon Kaen, Maha Sarakham, Udon Thani, Chaiyaphum (NorthEast provinces); Phetchaburi, Kanchanaburi, Prachuap Khiri Khan, Chon Buri, Nakhon Nayok, Suphan Buri, Chanthaburi, Chachoengsao, Trat, Phuket provinces. 17 are in the North, 19 in the Northeast, 5 in the central region, 6 in the East and 1 in the South.",2012-04-01,2012-08-01,,12000000.0,1200.0,1530.0
Natural,Meteorological,Storm,Convective storm,Winter storm/Blizzard,,Japan,Hokkaidoo province,2013-02-01,2013-03-01,9.0,1152.0,14200.0,17839.0
Natural,Hydrological,Flood,Riverine flood,,,Cambodia,"Battambang, Banteay Meanchey, Kampong Cham, Prey Veng, Kandal, Siem Reap, Kratie, Kampong Thom, Otdar Meanchey, Stung Treng, Pursat, Kampong Chhnang, Ratanak Kiri, Preah Vihear, Svay Rieng, Phnom Penh, Takeo, Pailin, Kampot provinces",2013-09-01,2013-10-01,200.0,1500000.0,500000.0,628130.0
Natural,Climatological,Drought,Drought,,,New Zealand,"Auckland, Bay of Plenty, East Cape, Hawke's Bay, Northland, Taranaki, Waikato, Wanganui-manawatu, Wellington provinces (North Island)",2013-01-01,2013-05-01,,,823000.0,1033903.0
Natural,Hydrological,Flood,Riverine flood,,,Thailand,"Ang Thong, Chachoengsao, Chainat, Chanthaburi, Chian Rai, Nahkon Nayok, Nakhon Ratchasima, Nakhon Sawan, Pathum Thani, Prachinburi, Phangnga, Phetchaburi, Phichit, Phitsanulok, Phra Nakhon Si Ayudhya, Prachuap Khilikhan, Sa Kaeo, Sakon Nakhon, Si Saket, Surin, Tak, Ubon Ratchathani provinces",2013-09-01,2013-10-01,61.0,3500000.0,482000.0,605518.0
Natural,Hydrological,Flood,Riverine flood,,,Thailand,"Nakhon Si Thammarat, Songkhla, Narathiwat, Phatthalung, Trang provinces",2013-11-01,2013-12-01,23.0,15254.0,,
Natural,Hydrological,Flood,Riverine flood,,,USA,"Mississippi, Ohio provinces",2011-04-01,2011-05-01,9.0,,4600000.0,5984783.0
Natural,Hydrological,Flood,Riverine flood,,,USA,"Montana, North Dakota, South Dakota, Iowa, Missouri provinces",2011-05-01,2011-06-01,5.0,11000.0,2000000.0,2602080.0
Natural,Climatological,Wildfire,Forest fire,,,USA,"Arizona, Minnesota, Texas, Florida provinces",2011-05-01,2011-06-01,2.0,,200000.0,260208.0
Natural,Climatological,Drought,Drought,,,USA,"Texas, Oklahoma, New Mexico, Arizona, Kansas, Louisiana provinces",2011-01-01,2011-11-01,,,8000000.0,10408319.0
Natural,Climatological,Drought,Drought,,,USA,"Illinois, Indiana, Iowa, Kansas, Michigan, Minnesota, Missouri, Nebraska, North Dakota, Ohio, South Dakota, Wisconsin, Arizona, California, Colorado, Nevada, New Mexico, Oklahoma, Texas, Utah provinces",2012-06-01,2012-12-01,,,20000000.0,25493258.0
Natural,Meteorological,Storm,Convective storm,Severe storm,,USA,"Ohio, Virginia, Maryland, West Virginia, District of Columbia, Illinois, Indiana, Kentucky, New Jersey, North Carolina, South Carolina provinces",2012-06-01,2012-07-01,28.0,,4000000.0,5098652.0
Natural,Climatological,Wildfire,,,Waldo Canyon Fire,USA,"Colorado Springs city (El Paso district, Colorado province)",2012-06-01,2012-07-01,2.0,1038.0,600000.0,764798.0
Natural,Meteorological,Storm,Convective storm,Tornado,,USA,"Colorado, Kansas, Montana, Nebraska, New Mexico, North Dakota, Oklahoma, South Dakota, Texas, Wyoming, Illinois, Indiana, Iowa, Kansas, Michigan, Minnesota, Missouri, Nebraska, North Dakota, Ohio, South Dakota, Wisconsin, Maine, New Hampshire, Vermont, Massachusetts, Rhode Island, Connecticut, New York, New Jersey, Pennsylvania provinces",2013-05-01,2013-06-01,27.0,170150.0,2100000.0,2638148.0
Natural,Hydrological,Flood,Riverine flood,,,USA,Austin district (Texas province),2013-10-01,2013-11-01,4.0,4800.0,,
Natural,Climatological,Wildfire,Forest fire,,,USA,Los Angeles district (California province),2013-05-01,2013-06-01,,110.0,21400.0,26884.0
Natural,Climatological,Wildfire,Forest fire,,,USA,"Yarnell area (Yavapai district, Arizona province)",2013-06-01,2013-07-01,19.0,387.0,2000.0,2513.0
Natural,Climatological,Wildfire,,,,USA,"Yosemite valley (Mariposa district, California province)",2013-08-01,2013-09-01,,36.0,175000.0,219846.0
Natural,Meteorological,Storm,Convective storm,Lightning/Thunderstorms,,China,"Fujian Sheng, Jiangxi Sheng, Hunan Sheng, Guangdong Sheng, Guangxi Zhuangzu Zizhiqu, Chongqing Shi, Guizhou Sheng provinces",2014-03-01,2014-04-01,21.0,400000.0,155000.0,191612.0
Natural,Hydrological,Flood,Riverine flood,,,China,"Guizhou Sheng, Guangdong Sheng, Chongqing Shi, Sichuan Sheng, Guangxi Zhuangzu Zizhiqu, Jiangxi Sheng, Hunan Sheng provinces",2014-05-01,2014-06-01,37.0,5500000.0,1000000.0,1236207.0
Natural,Climatological,Drought,Drought,,,China,"Shandong Sheng, Shaanxi Sheng, Henan Sheng provinces, Nanbu-Nanchong city (Nanchong district, Sichuan Sheng ptovince)",2014-06-01,2014-07-01,,226000.0,1180000.0,1458724.0
Natural,Climatological,Drought,Drought,,,China,"Liaoning Sheng, Jilin Sheng, Nei Mongol Zizhiqu provinces",2014-08-01,2014-10-01,,27500000.0,2500000.0,3090517.0
Natural,Hydrological,Flood,Flash flood,,,Chile,"Atacama, Antofagasta, Coquimbo provinces",2015-03-01,2015-04-01,178.0,193881.0,1500000.0,1852113.0
Natural,Hydrological,Flood,Riverine flood,,,China,"Hukengzhen village (Anfu area, Ji'an district, Jiangxi Sheng province), Leishan Xian area (Qiandongnan Miao and Dong district, Guizhou Sheng province), Ganzhou Shi area (Ganzhou district, Jiangxi Sheng province), Guiyang district (Guizhou Sheng province), Fujian Sheng, Guangxi Zhuangzu Zizhiqu, Hunan Sheng, Guangdong Sheng, Jiangsu Sheng, Sichuan Sheng, Yunnan Sheng, Hubei Sheng, Anhui Sheng, Chongqing Shi, Zhejiang Sheng provinces",2015-05-01,2015-06-01,58.0,82021.0,800000.0,987794.0
Natural,Hydrological,Flood,Flash flood,,,Australia,"Queensland, New South Wales provinces",2015-04-01,2015-05-01,6.0,,400000.0,493897.0
Natural,Hydrological,Flood,Riverine flood,,,China,"Anhui Sheng, Jiangsu Sheng, Sichuan Sheng provinces",2015-06-01,2015-07-01,35.0,144900.0,645000.0,796409.0
Natural,Climatological,Drought,Drought,,,China,"Hebei Sheng, Shanxi Sheng, Nei Mongol Zizhiqu, Liaoning Sheng, Jilin Sheng, Heilongjiang Sheng, Shandong Sheng, Yunnan Sheng, Shaanxi, Ningxia Huizu Zizhiqu provinces",2015-05-01,2015-10-01,,,2464000.0,3042404.0
Natural,Hydrological,Flood,,,,China,"Guizhou Sheng, Chongqing Shi, Jiangsu Sheng, Fujian Sheng provinces",2015-05-01,2015-06-01,17.0,60000.0,500000.0,617371.0
Natural,Hydrological,Flood,,,,China,"Jiangsu, Anhui, Jiangxi, Henan, Hubei, Hunan, Guangxi, Chogqing, Sichuan, Guizhou, Yunnan",2016-06-01,2016-07-01,289.0,60000000.0,22000000.0,26825889.0
Natural,Climatological,Wildfire,Forest fire,,Fort McMurray wildfires,Canada,"Fort McMurray city (Wood Buffalo area, Division No. 16 district, Alberta province)",2016-05-01,2016-07-01,,88000.0,4000000.0,4877434.0
Natural,Meteorological,Storm,Tropical cyclone,,Boris,Mexico,"Chiapas, Oaxaca provinces",2014-05-01,2014-06-01,,,,
Natural,Meteorological,Storm,Tropical cyclone,,Hurricane Marie,Mexico,"Oaxaca, Guerrero provinces",2014-08-01,2014-09-01,3.0,30000.0,14000.0,17307.0
Natural,Hydrological,Flood,Riverine flood,,,Indonesia,"Tangerang district (Banten province), Dki Jakarta province",2014-01-01,2014-02-01,32.0,20000.0,600000.0,741724.0
Natural,Hydrological,Flood,Flash flood,,,Cambodia,"Kampong Cham, Kampong Chhnang, Kampong Speu, Kampong Thom, Kampot, Kandal, Kratie, Phnom Penh, Preah Vihear, Prey Veng, Stung Treng, Takeo provinces",2014-07-01,2014-08-01,45.0,530450.0,2000.0,2472.0
Natural,Hydrological,Flood,Flash flood,,,Korea (ROK),"Pusan, Kyongsangnam-do provinces",2014-08-01,2014-09-01,17.0,,2000.0,2472.0
Natural,Hydrological,Flood,Riverine flood,,,Indonesia,"Dki Jakarta, Jawa Barat, Jawa Timur, Jawa Tengah, Bali, Nusatenggara Barat provinces",2015-01-01,2015-02-01,2.0,25000.0,,
Natural,Climatological,Wildfire,Forest fire,,,Indonesia,"Jambi, Riau, Sumatera Selatan, Kalimantan Timur, Kalimantan Tengah, Kalimantan Selatan, Kalimantan Barat provinces",2015-09-01,2015-12-01,19.0,409664.0,1000000.0,1234742.0
Natural,Biological,Epidemic,Viral disease,,MERS-CoV,Korea (ROK),,2015-05-01,2015-06-01,36.0,185.0,,
Natural,Climatological,Drought,Drought,,,Thailand,42 provinces. 28 provinces in the North and Northeast,2015-01-01,2017-05-01,,,3300000.0,4074649.0
Natural,Meteorological,Storm,Convective storm,Severe storm,,USA,"Colorado, Kansas, Montana, Nebraska, New Mexico, North Dakota, Oklahoma, South Dakota, Texas, Wyoming, Mississippi, Alabama, Arkansas, Delaware, Florida, Georgia, Kentucky, Louisiana, Maryland, Mississippi, North Carolina, South Carolina, Tennessee, Virginia, West Virginia, Illinois, Indiana, Iowa, Kansas, Michigan, Minnesota, Missouri, Nebraska, North Dakota, Ohio, South Dakota, Wisconsin, Florida, Alabama, New York, New Jersey, Pennsylvania provinces",2014-04-01,2014-05-01,40.0,15.0,2000000.0,2472413.0
Natural,Meteorological,Storm,Tropical cyclone,,Typhoon Henry (Matmo),Chinese Taipei,Taiwan Sheng province,2014-07-01,2014-08-01,,,20000.0,24724.0
Natural,Meteorological,Storm,Convective storm,Winter storm/Blizzard,,USA,"California, Colorado, Kansas, Montana, Nebraska, New Mexico, North Dakota, Oklahoma, South Dakota, Texas, Wyoming, Illinois, Indiana, Iowa, Kansas, Michigan, Minnesota, Missouri, Nebraska, North Dakota, Ohio, South Dakota, Wisconsin, Tennessee, New York, New Jersey, Pennsylvania provinces",2014-02-01,2014-03-01,12.0,,2000.0,2472.0
Natural,Climatological,Drought,Drought,,,USA,San Joaquin district (California province),2014-01-01,2014-12-01,,,2200000.0,2719655.0
Natural,Meteorological,Storm,Convective storm,Lightning/Thunderstorms,,USA,"Austin, Houston districts (Texas province), Lousiana province",2015-10-01,2015-11-01,6.0,,270000.0,333380.0
Natural,Hydrological,Flood,,,,USA,"Mississippi, Missouri, Kentucky, Tennessee, Arkansas, Alabama, Illinois, Indiana, Louisiana provinces",2015-12-01,2016-01-01,31.0,4050.0,600000.0,740845.0
Natural,Meteorological,Storm,Convective storm,Winter storm/Blizzard,,USA,"Illinois, Michigan, Massachusetts, New York, Connecticut, Indiana provinces",2015-01-01,2015-02-01,22.0,,150000.0,185211.0
Natural,Hydrological,Flood,Riverine flood,,,Turkey,"Edirne city, Karaagac borough, Degirmenyeni village (Merkez district, Edirne province)",2015-01-01,2015-02-01,8.0,6500.0,,
Natural,Meteorological,Storm,Convective storm,Winter storm/Blizzard,,USA,"Texas, Kansas, Oklahoma provinces",2015-11-01,2015-12-01,18.0,300.0,140000.0,172864.0
Natural,Climatological,Drought,Drought,,,USA,"California, Nevada, Oregon, Washington, Idaho, Montana, Utah, Arizona provinces",2015-01-01,2015-12-01,,,4500000.0,5556339.0
Natural,Climatological,Wildfire,,,,USA,"Lake, Napa, Solano, Yolo, Modoc, Colusa districts (California province)",2015-07-01,2015-08-01,1.0,129.0,2000.0,2469.0
Natural,Hydrological,Flood,,,,USA,"Hillsborough, Pasco, Pinellas, Dixie, Taylor districts (Florida province) ",2015-07-01,2015-08-01,,600.0,100000.0,123474.0
Natural,Climatological,Drought,Drought,,,China,"Jilin Sheng, Heilongjiang Sheng, Shanxi Sheng, Gansu Sheng, Ningxia Huizu Zizhiqu, Nei Mongol Zizhiqu provinces",2016-06-01,2016-08-01,,10000000.0,3000000.0,3658076.0
Natural,Meteorological,Storm,Convective storm,Lightning/Thunderstorms,,USA,"Texas, Oklahoma, Arkansas, Louisiana, Mississippi, Kansas, Virginia, North Carolina, Georgia, Missouri, Illinois, West Virginia provinces",2016-04-01,2016-05-01,6.0,,2400000.0,2926461.0
Natural,Hydrological,Flood,,,,USA,"Texas, Oklahoma, Arkansas, Kansas, Nebraska provinces",2016-05-01,2016-06-01,15.0,,300000.0,365808.0
Natural,Climatological,Wildfire,Forest fire,,Sand Fire,USA,"Los Angeles, San Francisco districts (California province)",2016-07-01,2016-08-01,2.0,420.0,50000.0,60968.0
Natural,Hydrological,Flood,,,,Chile,"Santiago, Valparaiso, O'Higgins, Antofagasta, Coquimbo",2017-02-01,2017-03-01,3.0,1200.0,2000.0,2388.0
Natural,Hydrological,Flood,Riverine flood,,,China,"Fujian, Jiangxi, Hunan, Guangdong, Guizhou, Hubei, Sichuan, Chongqing, Guangxi",2017-05-01,2017-06-01,1.0,28500.0,107000.0,127750.0
Natural,Hydrological,Flood,,,,China,"Hunan, Anhui, Chongqing, Guangdong, Guangxi, Guizhou, Hubei, Jiangxi, Sichuan, Yunnan, Zhejiang",2017-06-01,2017-07-01,78.0,12000008.0,6000000.0,7163559.0
Natural,Climatological,Wildfire,,,"Gustafsen, Wildwood, Elephant Hill Fires",Canada,"Cache Creek , Ashcroft, Boston flats (Thompson Nicola), 100 Mile House , Williams Lake (Cariboo) (British Columbia)",2017-07-01,2017-09-01,,43441.0,,
Natural,Climatological,Wildfire,Forest fire,,,Chile,"Valparaiso, Santo Domingo (San Antonio), Casablanca (Valparaiso), Maule (Santa Olga), Biobio, Metropolitana, O'Higgins, Araucania",2017-01-01,2017-03-01,11.0,13173.0,550000.0,656660.0
Natural,Meteorological,Storm,Tropical cyclone,,Debbie,Australia,"Logan region; Queensland; Nouvelle-Galles du Sud, au sud du Queensland, Sydney; Bowen (Whitsunday), Mackay, Proserpine (Whitsunday), Airlie beach (Whitsunday Isl.)",2017-03-01,2017-04-01,12.0,45000.0,2700000.0,3223601.0
Natural,Climatological,Drought,Drought,,,China,"Northeast China, North China Plain, Inner Mongolia, Hebei, Liaoning",2017-04-01,2017-06-01,,2000000.0,122000.0,145659.0
Natural,Hydrological,Flood,,,,China,"Loess Plateau, Southern Shaanxi (Xianyang, Hanzhong, Ankang), western Hubei (Suizhou and Guangshui cities), southern Sichuan, northern portions of Chongqing (Kaizhou, Yunyang)",2017-09-01,2017-10-01,16.0,61500.0,361000.0,431007.0
Natural,Climatological,Wildfire,Forest fire,,,Canada,Colombie-Britannique,2018-07-01,2018-08-01,,3000.0,,
Natural,Hydrological,Flood,Riverine flood,,,China,,2018-06-01,2018-07-01,11.0,36000.0,278000.0,323998.0
Natural,Hydrological,Flood,,,,China,"Sichuan, Gansu, Chongqing, Hubei, Jiangsu, Guizhou, Anhui, Shaanxi, Henan, Fujian",2018-05-01,2018-07-01,112.0,450000.0,1750000.0,2039555.0
Natural,Climatological,Drought,Drought,,,Australia,"New South Wales, Victoria , Queensland",2018-01-01,2018-08-01,,,1200000.0,1398552.0
Natural,Hydrological,Flood,,,,China,,2018-08-01,2018-09-01,18.0,11400.0,790000.0,920713.0
Natural,Hydrological,Flood,,,,Canada,"Ontario, Nouveau-Brunswick, Quebec",2019-04-01,2019-05-01,1.0,19500.0,800000.0,915772.0
Natural,Hydrological,Flood,Riverine flood,,,Australia,"Townsville, Daintree, Giru (Queensland)",2019-01-01,2019-02-01,3.0,9900.0,2000000.0,2289430.0
Natural,Hydrological,Flood,,,,China,"Yunnan, Guizhou, Guangxi, Hunan, Guangdong, Jiangxi, Zhejiang, Fujian, Chongqing provinces",2019-06-01,2019-07-01,300.0,4500000.0,6200000.0,7097232.0
Natural,Hydrological,Flood,,,,Indonesia,Gorontalo province (North Sulawesi region),2016-10-01,2016-11-01,2.0,4500.0,,
Natural,Hydrological,Flood,,,,Indonesia,"Sumatra (3 districts in Merangin regency, Jambi province), Banten (Lebak-Citorek village), Jawa Tengah (Buluhrejo, Plosorejo, Sukomakmur villages), Jawa Timur (Bojonegro, Gresik, Dukun, Bungah and Tuban (Widang, Parengan, Soko, Rengel, Plumpang)), Borneo Isl. (4 districts in West Kalimantan province)",2016-11-01,2016-12-01,10.0,105000.0,10000.0,12194.0
Natural,Hydrological,Flood,Flash flood,,,Mexico,Durango city,2016-09-01,2016-10-01,5.0,3000.0,25000.0,30484.0
Natural,Meteorological,Storm,Tropical cyclone,,Tropical storm 'Lidia',Mexico,"Cabo San Lucas, San Jose del Cabo (Baja California Sur), Comondu, Mulege, La Paz, Los Cabos, Loreto",2017-08-01,2017-09-01,20.0,1000.0,,
Natural,Geophysical,Volcanic activity,,,Mt. Agung,Indonesia,Bali (Karangasem),2017-09-01,2017-11-01,,133349.0,,
Natural,Hydrological,Flood,Riverine flood,,,Mexico,"Nuevo Laredo, Madero, Altamira, Tampico, Guemez, Hidalgo (Tamaulipas) ",2017-09-01,2017-10-01,2.0,800.0,,
Natural,Hydrological,Flood,Flash flood,,,Indonesia,"Java, Sumatra Isl",2018-11-01,2018-12-01,13.0,3000.0,,
Natural,Hydrological,Flood,,,,Japan,"Kochi, Gifu,Nagano prefectures, Tokushima; Okayama, Hiroshima; Chugoku, Kansai, Kyushu regions",2018-06-01,2018-07-01,246.0,1500102.0,9500000.0,11071871.0
Natural,Meteorological,Storm,Tropical cyclone,,Typhoon Trami,Japan,"Tokyo, Okinawa, Wakayama",2018-09-01,2018-10-01,4.0,18200.0,4500000.0,5244570.0
Natural,Hydrological,Landslide,Landslide,,,Indonesia,Sukabumi (Java),2018-12-01,2019-01-01,33.0,,,
Natural,Hydrological,Flood,,,,Indonesia,"Bengkulu city, Kaur, North Bengkulu, Central Bengkulu, South Bengkulu, Seluma, Kapahiang, Lebong, Rejang Lebong districts (Bengkulu Province)",2019-04-01,2019-05-01,18.0,13002.0,15000.0,17171.0
Natural,Hydrological,Flood,,,,Japan,"Kyushu and Amami Islands; Kagoshima, Kirishima, Aira cities (Kagoshima Prefecture); Miyazaki, Kumamoto, Ishikawa prefectures",2019-06-01,2019-07-01,2.0,600.0,,
Natural,Hydrological,Flood,,,,Maldives,"Haa Dhaal, Gaafu Alifu, Thaa, Laamu atolls",2019-05-01,2019-06-01,,1800.0,,
Natural,Meteorological,Storm,Convective storm,Winter storm/Blizzard,,USA,"Alabama, Mississippi, Tennessee, Georgia, South Carolina, Louisiana, North Carolina provinces",2016-11-01,2016-12-01,8.0,33.0,275000.0,335324.0
Natural,Meteorological,Storm,Convective storm,Lightning/Thunderstorms,,USA,"Texas, Oklahoma, Kansas, Missouri, Nebraska, Illinois, Indiana, Kentucky, Ohio",2016-04-01,2017-04-01,6.0,19.0,,
Natural,Climatological,Wildfire,Forest fire,,,USA,"Gatlinburg city (Sevier district, Tennessee province)",2016-11-01,2016-12-01,14.0,6574.0,1200000.0,1463230.0
Natural,Hydrological,Flood,,,,USA,"East and West Canton (Van Zandt county) (Texas); Kampville (St Charles) (Missouri); Logan, Marion, Miles Station (Macoupin), Sumner (Lawrence), Pawnee (Sangamon) (Illinois); Natural Dam (Crawford), Mississipi, Clay (Arkansas); Oak ridge (Morehouse) (Louisiana) ; Labette (Kansas); Cameron (Le Flore) (Oklahoma); Goshen (Oldham) (Kentucky) ; Ohio; Pennsylvania; West Virginia ; Mississipi ; Alabama ; Tennesse ; Indiana",2017-04-01,2017-05-01,20.0,70.0,1700000.0,2029675.0
Natural,Meteorological,Storm,Convective storm,Winter storm/Blizzard,,USA,"Georgia, North Carolina, Maryland, Virginia, New York, New Jersey, Massachusetts, Michigan, Texas, Mississippi, Missouri",2017-12-01,2018-01-01,22.0,,1100000.0,1313319.0
Natural,Meteorological,Storm,Convective storm,Tornado,,USA,"Illinois, Missouri, Indiana, Arkansas, Kentucky, Tennessee, Ohio , Georgia, Iowa, North Carolina, Virginia, Alabama, South Carolina, West Virginia, Michigan states ",2017-02-01,2017-03-01,4.0,612.0,1900000.0,2268460.0
Natural,Hydrological,Flood,,,,Thailand,"Sakon Nakhon, Nakhon Sawan, Lop Buri, Chai Nat, Chanthaburi, Phichit, Phetchabun, Phrae (Den Chai, Song), Uttaradit, Chumphon, Kamphaeng Phet, Nan, Chiang Rai, Chiang Mai, Phayao, Ang Thong, Ranong, Lampang, Nan Yasothan (Pa Tiu), Ayutthaya, Trat, Ubon Ratchathani (Si Muang Mai, Kong Chiam, Nam Yuen), Kalasin, Nakhon Phanom, Chai Nat (Manorom, Han Ka, and Nern Kham)",2017-07-01,2017-08-01,23.0,1000000.0,307000.0,366535.0
Natural,Hydrological,Flood,Riverine flood,,,Chinese Taipei,"New Taipei City (Bali, Shimen Districts), Yunlin County, Taichung City, Changhua County, Nantou County, and Chiayi County; Kaohsiung City, Nantou County, Chiayi County, Tainan City",2017-05-01,2017-06-01,5.0,4074.0,28100.0,33549.0
Natural,Hydrological,Flood,,,,Thailand,"Central plains provinces- Bangkok, Chai Nat, Pathum Thani, Lop Buri, Kamphaeng Phet, Sing Buri, Ang Thong, Ayutthaya, Nakhon Sawan, Tak, and Pichit, Khon Kaen, Sukhothai, Uthai Thani, Suphan Buri, Nong Bua Lam Phu, Maha Sarakham, Kalasin, Roi Et, Ubon Ratchathani provinces",2017-10-01,2017-11-01,9.0,605000.0,1400.0,1671.0
Natural,Hydrological,Flood,Riverine flood,,,Thailand,"Nakhon Si Thammarat, Narathiwat, Pattani, Phatthalung, Satun, Songkhla, Surat Thani, Trang, Yala provinces",2017-11-01,2017-12-01,22.0,385498.0,,
Natural,Climatological,Wildfire,"Land fire (Brush, Bush, Pasture)",,"Tubbs, Atlas, Nuns Fires",USA,"Napa, Sonoma, Mendocino, Lake, Solano, Butte, Yuba, Nevada, Humboldt, Calavaras, Orange counties (California)",2017-06-01,2017-12-01,43.0,9185.0,13000000.0,15521044.0
Natural,Climatological,Drought,Drought,,,USA,"Upper Midwest, Northern Rockies and parts of the West; North Dakota, South Dakota and Montana.",2017-03-01,2017-12-01,,,2500000.0,2984816.0
Natural,Climatological,Wildfire,Forest fire,,Carr and Mendocino Complex fires,USA,"Shasta, Trinity, Mendocino, Lake, Colusa, and Glenn counties (California)",2018-07-01,2018-08-01,14.0,3237.0,1000000.0,1165460.0
Natural,Climatological,Wildfire,Forest fire,,Camp Fire,USA,Butte county (North California),2018-06-01,2018-12-01,88.0,250000.0,16500000.0,19230091.0
Natural,Climatological,Drought,Drought,,,USA,Nationwide,2018-01-01,2018-12-01,,,3000000.0,3496380.0
Natural,Hydrological,Flood,,,,USA,"Amador, Glenn, Lake, Mendocino, Sonoma, Humboldt counties (California)",2019-02-01,2019-03-01,1.0,6000.0,,
Natural,Climatological,Wildfire,"Land fire (Brush, Bush, Pasture)",,Currowan,Australia,"New South Wales, Queensland; Victoria; South Australia, Western Australia",2019-09-01,2020-02-01,32.0,8883.0,2000000.0,2289430.0
Natural,Hydrological,Flood,,,,USA,Northern California,2019-02-01,2019-03-01,1.0,8000.0,,
Natural,Meteorological,Storm,Convective storm,Severe storm,,Canada,"Bromont, Sherbrooke (Quebec); Ontario",2019-10-01,2019-11-01,1.0,,275000.0,314797.0
Natural,Hydrological,Flood,Riverine flood,,,China,Heilongjiang province,2019-07-01,2019-08-01,,11400.0,315000.0,360585.0
Natural,Hydrological,Flood,,,,China,Mianning county (Sichuan province),2020-06-01,2020-07-01,22.0,10000000.0,,
Natural,Hydrological,Flood,,,,China,"Anhui, Hubei, Chongqing,Guangxi Zhuang Autonomous Region, Guangdong, Hunan, Guizhou, Yunnan, Jiangxi, Zhejiang, Fujian provinces",2020-05-01,2020-07-01,280.0,4200000.0,17000000.0,19223019.0
Natural,Meteorological,Storm,Convective storm,Severe storm,,Chile," Santiago Metropolitan, O’Higgins, Valparaíso, Maule, Araucanía, and Bío Bío Regions",2021-01-01,2021-02-01,,521.0,175000.0,189005.0
Natural,Meteorological,Storm,Convective storm,Lightning/Thunderstorms,,China,Nantong (near Shangai); Jiangsu province,2021-04-01,2021-05-01,11.0,13666.0,2500.0,2700.0
Natural,Climatological,Wildfire,,,,Canada, Lytton (British Columbia),2021-06-01,2021-07-01,2.0,250.0,80912.0,87387.0
Natural,Meteorological,Storm,Tropical cyclone,,Tropial cylone 'Niran',Australia,Queensland and New South Wales,2021-02-01,2021-03-01,,6000.0,155000.0,167404.0
Natural,Hydrological,Flood,,,,Australia,New South Wales and Queensland,2021-11-01,2021-12-01,2.0,1000.0,100000.0,108003.0
Natural,Climatological,Drought,Drought,,,China,"Guangxi, Hunan, Yunnan, Shaanxi, Gansu, Ningxia, Fujian provinces",2021-01-01,2021-12-01,,,3100000.0,3348087.0
Natural,Hydrological,Flood,,,,China,Jiangxi Province,2021-06-01,2021-07-01,,1080000.0,161000.0,173885.0
Natural,Hydrological,Flood,,,,China,"Zhengzhou, Hebi, Anyang, Xinxiang Cities (Henan Province); Inner Mongolia Autonomous Region; Shaanxi",2021-06-01,2021-08-01,352.0,14500000.0,16500000.0,17820462.0
Natural,Hydrological,Flood,,,,Australia,"Mount Glorious, Bracken Ridge, Clontarf, Cooran, Pomona, Alderley, Lower Springbrook, Brisbane, Gympie , Sunshine Coast, Gold Coast i(south-eastern Queensland); Uki, Kunghur, Rosebank, Rous River, Nimbin, Mullumbimby, Bentley, Nana Glen , Blackbutt , Sydney , Warragamba (New South Wales)",2022-02-01,2022-03-01,22.0,54000.0,6600000.0,6600000.0
Natural,Hydrological,Flood,Flash flood,,,Indonesia,"Labuhanbatu Utara districts (North Sumatra); Saling,Talang Datuk, Talang Tinggi and Lunjuk sub-districts (Bengkulu province); Jakarta, Bekasi, Bogor, Depok in West Java district; Banten Province",2019-12-01,2020-01-01,66.0,501110.0,1200000.0,1373658.0
Natural,Climatological,Wildfire,,,,Indonesia,"Riau, Jambi, South Sumatera, West Kalimantan, Central Kalimantan, South Kalimantan",2019-02-01,2019-09-01,,,,
Natural,Hydrological,Flood,,,,Mexico,"Sinaloa, Chihuahua, Sonora, Baja California; Mazatlán (Sinaloa)",2019-11-01,2019-12-01,3.0,500.0,,
Natural,Hydrological,Flood,,,,Japan,"Kumamoto Prefecture, Yatsushiro, and Hitoyoshi cities (Kyushu Region)",2020-06-01,2020-07-01,82.0,250114.0,5800000.0,6558442.0
Natural,Geophysical,Volcanic activity,Ash fall,,Lewotolo Volcano,Indonesia,"Lembata Regency, Solor Archipelago",2020-11-01,2020-12-01,,19736.0,,
Natural,Hydrological,Flood,Flash flood,,,Indonesia,"Aceh, Riau, Riau Islands, Bengkulu, South Sumatra, West Nusa Tenggara, South Sulawesi, and several parts of Kalimantan",2020-05-01,2020-06-01,4.0,41837.0,,
Natural,Hydrological,Flood,,,,Indonesia,"Dayuehkolot, Baleendah, Bandung, Bogor Regencies , West Java Island (West Java Province)",2020-03-01,2020-04-01,1.0,56488.0,,
Natural,Hydrological,Flood,,,,Indonesia,"Dayeuhkolot, Baleendah, Bojongsoang districts (Bandung Regency ,West Java Province)",2020-04-01,2020-05-01,2.0,110000.0,,
Natural,Hydrological,Landslide,Landslide,,,Indonesia,"Batang Toru District (South Tapanuli Regency, North Sumatra Province); Gerung District (West Lombok Regency, West Nusa Tenggara Province)",2021-04-01,2021-05-01,13.0,1470.0,,
Natural,Hydrological,Flood,,,,Indonesia,"East Aceh and Aceh Tamiang (Aceh Province, northern Sumatra)",2021-12-01,2022-01-01,2.0,27500.0,,
Natural,Hydrological,Flood,,,,New Zealand,"West Coast, Auckland and Otago (Canterbury Region)",2021-05-01,2021-06-01,,750.0,50000.0,54001.0
Natural,Hydrological,Flood,,,,New Zealand,"Kumeu, Huapai, Ranui, Piha and Henderson Valley communities (Auckland area)",2021-08-01,2021-09-01,,180.0,57000.0,61562.0
Natural,Hydrological,Flood,,,,Indonesia,"Banten Province (western Java), Central Java, East Java",2022-02-01,2022-03-01,13.0,31800.0,62000.0,62000.0
Natural,Climatological,Wildfire,,,,Korea (ROK),Yeongdeok County (North Gyeongsang Province); Hapcheon County; Goryeong County; Gangwon Provinces; Uljin and Samcheok cities,2022-02-01,2022-03-01,,1080.0,,
Natural,Meteorological,Storm,Convective storm,Winter storm/Blizzard,,USA,"Pacific Northwest, Rockies, Northern Plains, Upper Midwest, and the Northeast",2019-11-01,2019-12-01,10.0,,,
Natural,Meteorological,Storm,Tropical cyclone,,Tropical cyclone 'Dorian',USA,"Florida, Georgia, South Carolina, North Carolina, Virginia",2019-08-01,2019-09-01,10.0,,1600000.0,1831544.0
Natural,Climatological,Drought,Drought,,,Thailand,"North, Northeastern, Central Plains ",2019-07-01,2020-02-01,,,,
Natural,Climatological,Drought,Drought,,,USA,West and central states,2020-01-01,2020-12-01,45.0,,4500000.0,5088446.0
Natural,Meteorological,Storm,Convective storm,Severe storm,,Thailand,,2020-04-01,2020-05-01,2.0,50502.0,10000.0,11308.0
Natural,Hydrological,Flood,Flash flood,,,Thailand,"Nakhon Si Thammarat, Narathiwat, Songkhla, Pattani, Surat Thani, Chumphon, Chatthalung,Trang, Phatthalung Provinces ",2020-11-01,2020-12-01,29.0,691659.0,50000.0,56538.0
Natural,Meteorological,Storm,Tropical cyclone,,Hurricane 'Isaias',USA,"North Carolina, South Carolina, New York, Maryland, Delaware, New Jersey, Connecticut, Florida, Virginia, Pennsylvania, New Hampshire",2020-07-01,2020-08-01,16.0,,4800000.0,5427676.0
Natural,Climatological,Wildfire,Forest fire,,August Complex fire,USA,"Californie, Washington, Oregon, Colorado",2020-08-01,2020-10-01,32.0,,11000000.0,12438424.0
Natural,Meteorological,Storm,Convective storm,Severe storm,,USA,"Texas, Oklahoma",2021-04-01,2021-05-01,,,3100000.0,3348087.0
Natural,Hydrological,Flood,,,,Thailand,"Chaiyaphum, Chanthaburi, Chiang Mai, Kamphaeng Phet, Lampang, Loei, Nakhon Ratchasima, Nakhon Si Thammarat, Phetchabun, Phetchaburi, Phichit, Phra Nakhon Si Ayutthaya, Sukhothai, Lop Buri, Tak, Chainat",2021-09-01,2021-10-01,10.0,298900.0,591000.0,638297.0
Natural,Hydrological,Flood,Riverine flood,,,USA,"Todd, Christian, Breathitt, Lee and Magoffin Counties (Kentucky); Tennessee, West Virginia, Arkansas, Ohio, and Maryland",2021-02-01,2021-03-01,1.0,51.0,150000.0,162004.0
Natural,Climatological,Wildfire,Forest fire,,,Turkey,"Antalya Mugla, Mersin, Adana, Osmaniye provinces",2021-07-01,2021-08-01,9.0,561088.0,232000.0,250566.0
Natural,Meteorological,Storm,Tropical cyclone,,Tropical storm 'Ida',USA,"Louisiana, New York, New Jersey, Maryland, Connecticut, Virginia, Pennsylvania, Delaware",2021-08-01,2021-09-01,96.0,14000.0,65000000.0,70201819.0
Natural,Hydrological,Flood,,,,Thailand,"Phetchaburi, Prachuap Khiri Khan, Chumphon, Surat Thani, Nakhon Si Thammarat, Krabi, Phatthalung, Songkhla and Trang ",2021-11-01,2021-12-01,,132900.0,,
Natural,Meteorological,Storm,Convective storm,Winter storm/Blizzard,,USA,"New York, New Jersey, Pennsylvania, Virginia, Maine, Washington, Boston (Suffolk, Massachusetts)",2021-01-01,2021-02-01,4.0,,100000.0,108003.0
Natural,Hydrological,Flood,Flash flood,,,USA,Utah and Colorado,2021-07-01,2021-08-01,1.0,600.0,25000.0,27001.0
Natural,Climatological,Wildfire,Forest fire,,Dixie fire,USA,Plumas County (California),2021-07-01,2021-08-01,3.0,1261.0,3000000.0,3240084.0
Natural,Climatological,Drought,Drought,,,USA,Nationwide,2021-01-01,2021-12-01,,,9000000.0,9720252.0
Natural,Climatological,Wildfire,,,Telegraph and Mescal Fires,USA,"Pinas and Gila counties (Arizona); Montana, Utah",2021-06-01,2021-07-01,,178.0,10000.0,10800.0
Natural,Climatological,Wildfire,,,Middle Fork and the Marshall wildfires,USA,"Louisville, Superior (Boulder county, Colorado)",2021-12-01,2022-01-01,2.0,3654.0,3300000.0,3564092.0
Natural,Climatological,Drought,Drought,,,China,"Chongqing, Hubei, Jiangxi, Tibet, Sichuan, Hunan, Anhui",2022-01-01,2022-12-01,,6100000.0,7600000.0,7600000.0
Natural,Climatological,Wildfire,,,,Chile,"Bío Bío, Araucanía, Ñuble, Maule, Los Ríos, Los Lagos, Aysén, O’Higgins, Valparaíso, and Santiago Metropolitan",2023-02-01,2023-03-01,26.0,10534.0,600000.0,
Natural,Meteorological,Storm,Convective storm,Severe storm,,USA,"Washington County (Arkansas); Shelby, Chilton, Bibb Counties (Alabama); Iowa, Kansas, Missouri; Newton county (Texas); Lousiana; Bolivar, Calhoun, Hinds, Warren, Yazoo Counties (Mississippi); Trigg County (Kentucky); Washington County (Florida); Armstrong County (Pennsylvania)",2022-03-01,2022-04-01,2.0,90.0,1300000.0,1300000.0
Natural,Hydrological,Flood,,,,Indonesia,"Kendal, Grobogan, Jepara, Pati, Pekalongan, Demak, Semarang City, Kudus, and Pekalongan City (Central Java province)",2022-12-01,2023-01-01,,196745.0,,
Natural,Meteorological,Storm,Convective storm,Tornado,,USA,Andover Town (Butler County); Wichita City (Sedgwick County) - Kansas; Texas; Oklahoma,2022-04-01,2022-05-01,3.0,306.0,583000.0,583000.0
Natural,Climatological,Drought,Drought,,,USA,"Nation wide; Arizona, Nevada, California, Oregon and Texas",2022-01-01,2022-12-01,136.0,,22000000.0,22000000.0
Natural,Climatological,Wildfire,,,McKinney & Yeti Complex fires,USA,Siskiyou County (California),2022-07-01,2022-08-01,4.0,595.0,151000.0,151000.0
Natural,Meteorological,Storm,Tropical cyclone,,Hurricane 'Ian',USA,Charlotte and Lee Counties (Florida Peninsula); North Carolina,2022-09-01,2022-10-01,152.0,,100000000.0,100000000.0
Natural,Hydrological,Flood,,,,Cambodia,"Meanchey, Oddar Meanchey Province",2022-09-01,2022-10-01,15.0,167770.0,,
Natural,Hydrological,Flood,,,,Mexico,"Culiacán, Mocorito, Guasave, and Elota (Sinaloa State); Oaxaca, Coahuila, Tamaulipas, Veracruz and Morelos states",2022-08-01,2022-09-01,8.0,2100.0,,
Natural,Hydrological,Flood,,,,Thailand,"Ang Thong, Ayutthaya (Phra Nakhon Si Ayutthaya), Buriram, Chai Nat, Chaiyaphum, Kalasin, Khon Kaen,Lopburi, Maha Sarakham, Nakhon Nayok, Nakhon Pathom, Nakhon Ratchasima, Nakhon Sawan, Pathum Thani, Phetchabun, Phichit, Prachinburi, Roi Et, Sakon Nakhon, Singburi, Surin, Tak, Ubon Ratchathani, Uthai Thani, Yasothon",2022-09-01,2022-10-01,4.0,485908.0,,
Natural,Climatological,Wildfire,,,"McBride, Nogal Canyon, Hermits Peak Fires",USA,"Lincoln, San Miguel Counties (New Mexico)",2022-04-01,2022-05-01,2.0,649.0,155000.0,155000.0
Natural,Climatological,Wildfire,,,Calf Canyon and Hermits Peak Fires,USA,"Mora, Colfax, Lincoln, San Miguel, Valencia Counties (New Mexico); Colorado, Nebraska",2022-04-01,2022-06-01,,894.0,,
Natural,Hydrological,Flood,,,,USA,North Dakota and northern Minnesota (central-northern USA),2022-04-01,2022-05-01,,,,
Natural,Meteorological,Storm,Convective storm,Tornado,,USA,"Memphis (Tennessee); Owen and Sullivan counties (Indiana); Arkansas, Mississippi, Alabama, Illinois; Sussex county (Delaware); Oklahoma, Iowa, Kentucky, Ohio, Missouri, Kansas; Pennsylvania",2023-03-01,2023-04-01,31.0,6279.0,100000.0,
Natural,Biological,Epidemic,Viral disease,,Acute respiratory syndrome (SARS),Hawaii,"Alabama, California, Connecticut, Georgia, Hawaii, Illinois, Kansas, Maine, Massachusetts, Michigan, Missouri, Mississippi, Minnesota, New Jersey, New Mexico, North Carolina, New York, Pennsylvannia, Rhode Island, Texas, Utah, Virginia, Wisconsin",2003-02-01,2003-07-01,,29.0,,
